player_lastname,player_firstname,season,draymond
Hammons ,AJ,2017,-0.177
Price ,AJ,2014,5.912
Price ,AJ,2015,-1.791
Brooks ,Aaron,2014,-0.953
Brooks ,Aaron,2015,-0.186
Brooks ,Aaron,2016,2.297
Brooks ,Aaron,2017,-1.122
Brooks ,Aaron,2018,-3.238
Gordon ,Aaron,2015,1.529
Gordon ,Aaron,2016,-0.059
Gordon ,Aaron,2017,0.283
Gordon ,Aaron,2018,1.179
Gordon ,Aaron,2019,-0.056
Gray ,Aaron,2014,-1.097
Harrison ,Aaron,2016,0.633
Harrison ,Aaron,2017,-8.023
Harrison ,Aaron,2018,-0.514
Holiday ,Aaron,2019,1.722
Jackson ,Aaron,2018,-7.791
Nader ,Abdel,2018,-2.305
Nader ,Abdel,2019,-1.125
Thomas ,Adonis,2014,-1.633
Payne ,Adreian,2015,-3.483
Payne ,Adreian,2016,-1.042
Payne ,Adreian,2017,0.262
Payne ,Adreian,2018,-0.974
Harrington ,Al,2014,-0.718
Horford ,Al,2014,1.487
Horford ,Al,2015,1.582
Horford ,Al,2016,1.475
Horford ,Al,2017,-0.059
Horford ,Al,2018,2.735
Horford ,Al,2019,1.182
Jefferson ,Al,2014,0.774
Jefferson ,Al,2015,-0.815
Jefferson ,Al,2016,-0.193
Jefferson ,Al,2017,-0.939
Jefferson ,Al,2018,-0.67
Aminu ,Al-Farouq,2014,-1.204
Aminu ,Al-Farouq,2015,-0.032
Aminu ,Al-Farouq,2016,0.504
Aminu ,Al-Farouq,2017,1.039
Aminu ,Al-Farouq,2018,0.939
Aminu ,Al-Farouq,2019,-0.923
Anderson ,Alan,2014,-0.619
Anderson ,Alan,2015,-0.154
Anderson ,Alan,2016,-2.482
Anderson ,Alan,2017,-2.505
Williams ,Alan,2016,2.122
Williams ,Alan,2017,2.145
Williams ,Alan,2018,-2.083
Williams ,Alan,2019,8.127
Burks ,Alec,2014,-1.143
Burks ,Alec,2015,-2.626
Burks ,Alec,2016,-2.255
Burks ,Alec,2017,1.066
Burks ,Alec,2018,-2.677
Burks ,Alec,2019,-1.057
Peters ,Alec,2018,-0.022
Abrines ,Alex,2017,-2.268
Abrines ,Alex,2018,-0.641
Abrines ,Alex,2019,-1.125
Caruso ,Alex,2018,1.459
Caruso ,Alex,2019,4.171
Kirk ,Alex,2015,-11.543
Len ,Alex,2014,-2.645
Len ,Alex,2015,1.205
Len ,Alex,2016,0.653
Len ,Alex,2017,1.542
Len ,Alex,2018,0.554
Len ,Alex,2019,0.402
Poythress ,Alex,2017,-1.036
Poythress ,Alex,2018,0.969
Poythress ,Alex,2019,1.196
Stepheson ,Alex,2016,6.57
Shved ,Alexey,2014,-0.438
Shved ,Alexey,2015,-2.375
Ajinca ,Alexis,2014,-1.232
Ajinca ,Alexis,2015,0.918
Ajinca ,Alexis,2016,0.042
Ajinca ,Alexis,2017,0.544
McKinnie ,Alfonzo,2018,2.833
McKinnie ,Alfonzo,2019,-0.221
Johnson ,Alize,2019,3.424
Crabbe ,Allen,2014,-0.935
Crabbe ,Allen,2015,0.882
Crabbe ,Allen,2016,0.373
Crabbe ,Allen,2017,-0.68
Crabbe ,Allen,2018,0.827
Crabbe ,Allen,2019,1.085
Trier ,Allonzo,2019,-0.902
Gee ,Alonzo,2014,-1.231
Gee ,Alonzo,2015,1.703
Gee ,Alonzo,2016,-0.475
Gee ,Alonzo,2017,2.314
Stoudemire ,Amar'e,2014,0.063
Stoudemire ,Amar'e,2015,1.099
Stoudemire ,Amar'e,2016,1.678
Jefferson ,Amile,2019,-2.663
Johnson ,Amir,2014,0.476
Johnson ,Amir,2015,0.12
Johnson ,Amir,2016,0.837
Johnson ,Amir,2017,1.916
Johnson ,Amir,2018,1.458
Johnson ,Amir,2019,-1.439
Varejao ,Anderson,2014,0.048
Varejao ,Anderson,2015,-0.508
Varejao ,Anderson,2016,-1.222
Varejao ,Anderson,2017,-2.459
Blatche ,Andray,2014,-0.968
Dawkins ,Andre,2015,8.61
Drummond ,Andre,2014,-0.3
Drummond ,Andre,2015,0.576
Drummond ,Andre,2016,-0.282
Drummond ,Andre,2017,-1.048
Drummond ,Andre,2018,-0.092
Drummond ,Andre,2019,1.015
Iguodala ,Andre,2014,-0.316
Iguodala ,Andre,2015,0.655
Iguodala ,Andre,2016,-1.008
Iguodala ,Andre,2017,0.192
Iguodala ,Andre,2018,0.709
Iguodala ,Andre,2019,0.522
Ingram ,Andre,2018,-0.465
Ingram ,Andre,2019,1.738
Miller ,Andre,2014,-0.153
Miller ,Andre,2015,1.051
Miller ,Andre,2016,-0.824
Roberson ,Andre,2014,-0.332
Roberson ,Andre,2015,2.306
Roberson ,Andre,2016,2.079
Roberson ,Andre,2017,2.848
Roberson ,Andre,2018,0.64
Bargnani ,Andrea,2014,-1.011
Bargnani ,Andrea,2015,-2.263
Bargnani ,Andrea,2016,-3.087
Kirilenko ,Andrei,2014,-0.943
Kirilenko ,Andrei,2015,2.307
Bogut ,Andrew,2014,1.656
Bogut ,Andrew,2015,2.511
Bogut ,Andrew,2016,2.207
Bogut ,Andrew,2017,0.619
Bogut ,Andrew,2018,1.803
Bogut ,Andrew,2019,2.202
Bynum ,Andrew,2014,1.367
Goudelock ,Andrew,2016,1.893
Harrison ,Andrew,2017,0.866
Harrison ,Andrew,2018,0.477
Harrison ,Andrew,2019,-3.097
Nicholson ,Andrew,2014,-0.134
Nicholson ,Andrew,2015,-0.268
Nicholson ,Andrew,2016,0.409
Nicholson ,Andrew,2017,-0.235
White III,Andrew,2018,-2.469
Wiggins ,Andrew,2015,-1.093
Wiggins ,Andrew,2016,-0.131
Wiggins ,Andrew,2017,-1.525
Wiggins ,Andrew,2018,-0.305
Wiggins ,Andrew,2019,0.143
Biedrins ,Andris,2014,-3.436
Simons ,Anfernee,2019,-2.806
Delgado ,Angel,2019,1.467
Jamison ,Antawn,2014,-0.693
Zizic ,Ante,2018,0.538
Zizic ,Ante,2019,-0.44
Bennett ,Anthony,2014,-1.894
Bennett ,Anthony,2015,-2.552
Bennett ,Anthony,2016,-9.058
Bennett ,Anthony,2017,-2.513
Brown ,Anthony,2016,0.835
Brown ,Anthony,2017,1.688
Brown ,Anthony,2018,-11.677
Davis ,Anthony,2014,1.24
Davis ,Anthony,2015,2.287
Davis ,Anthony,2016,1.403
Davis ,Anthony,2017,2.26
Davis ,Anthony,2018,3.208
Davis ,Anthony,2019,1.154
Morrow ,Anthony,2014,-1.472
Morrow ,Anthony,2015,-1.146
Morrow ,Anthony,2016,-0.943
Morrow ,Anthony,2017,-1.049
Randolph ,Anthony,2014,0.43
Tolliver ,Anthony,2014,0.184
Tolliver ,Anthony,2015,-1.328
Tolliver ,Anthony,2016,1.294
Tolliver ,Anthony,2017,-1.408
Tolliver ,Anthony,2018,1.774
Tolliver ,Anthony,2019,-0.405
Blakeney ,Antonio,2018,0.31
Blakeney ,Antonio,2019,-4.085
Cleveland ,Antonius,2018,-4.956
Goodwin ,Archie,2014,1.564
Goodwin ,Archie,2015,-0.982
Goodwin ,Archie,2016,-2.763
Goodwin ,Archie,2017,-2.055
Onuaku ,Arinze,2014,-3.493
Onuaku ,Arinze,2015,0.11
Onuaku ,Arinze,2017,-4.472
Moultrie ,Arnett,2014,1.253
Baynes ,Aron,2014,-0.008
Baynes ,Aron,2015,1.51
Baynes ,Aron,2016,-0.045
Baynes ,Aron,2017,2.717
Baynes ,Aron,2018,2.715
Baynes ,Aron,2019,2.171
Afflalo ,Arron,2014,-1.736
Afflalo ,Arron,2015,0.483
Afflalo ,Arron,2016,-0.22
Afflalo ,Arron,2017,-2.214
Afflalo ,Arron,2018,0.426
Daye ,Austin,2014,-1.819
Daye ,Austin,2015,-1.059
Rivers ,Austin,2014,-0.182
Rivers ,Austin,2015,-1.354
Rivers ,Austin,2016,2.068
Rivers ,Austin,2017,0.352
Rivers ,Austin,2018,-0.443
Rivers ,Austin,2019,0.109
Bradley ,Avery,2014,-1.075
Bradley ,Avery,2015,-0.797
Bradley ,Avery,2016,-0.172
Bradley ,Avery,2017,-0.775
Bradley ,Avery,2018,-0.979
Bradley ,Avery,2019,0.415
Toupane ,Axel,2016,1.5
Toupane ,Axel,2017,1.486
Johnson ,BJ,2019,-4.907
Adebayo ,Bam,2018,1.039
Adebayo ,Bam,2019,0.735
Bentil ,Ben,2017,-9.733
Gordon ,Ben,2014,0.931
Gordon ,Ben,2015,-1.463
McLemore ,Ben,2014,-1.838
McLemore ,Ben,2015,0.325
McLemore ,Ben,2016,-0.707
McLemore ,Ben,2017,-1.045
McLemore ,Ben,2018,-2.163
McLemore ,Ben,2019,-2.747
Moore ,Ben,2018,-2.115
Simmons ,Ben,2018,1.224
Simmons ,Ben,2019,0.97
Udrih ,Beno,2014,-0.554
Udrih ,Beno,2015,-0.734
Udrih ,Beno,2016,0.074
Udrih ,Beno,2017,-1.639
James ,Bernard,2014,-1.103
James ,Bernard,2015,4.249
Garrett ,Billy,2019,-1.74
Biyombo ,Bismack,2014,1.77
Biyombo ,Bismack,2015,1.044
Biyombo ,Bismack,2016,1.44
Biyombo ,Bismack,2017,-0.464
Biyombo ,Bismack,2018,0.751
Biyombo ,Bismack,2019,0.014
Griffin ,Blake,2014,0.213
Griffin ,Blake,2015,0.349
Griffin ,Blake,2016,-0.435
Griffin ,Blake,2017,0.478
Griffin ,Blake,2018,0.918
Griffin ,Blake,2019,-0.609
Marjanovic ,Boban,2016,1.559
Marjanovic ,Boban,2017,1.803
Marjanovic ,Boban,2018,1.182
Marjanovic ,Boban,2019,3.019
Brown ,Bobby,2017,1.514
Brown ,Bobby,2018,-3.849
Portis ,Bobby,2016,1.979
Portis ,Bobby,2017,0.875
Portis ,Bobby,2018,-1.289
Portis ,Bobby,2019,-1.5
Bogdanovic ,Bogdan,2018,-1.1
Bogdanovic ,Bogdan,2019,-0.48
Bogdanovic ,Bojan,2015,0.223
Bogdanovic ,Bojan,2016,-2.455
Bogdanovic ,Bojan,2017,-0.845
Bogdanovic ,Bojan,2018,-0.463
Bogdanovic ,Bojan,2019,-0.317
Colson ,Bonzie,2019,-4.752
Diaw ,Boris,2014,0.082
Diaw ,Boris,2015,-0.24
Diaw ,Boris,2016,0.692
Diaw ,Boris,2017,-0.769
Wanamaker ,Brad,2019,-0.447
Beal ,Bradley,2014,0.865
Beal ,Bradley,2015,-0.134
Beal ,Bradley,2016,-0.444
Beal ,Bradley,2017,-0.094
Beal ,Bradley,2018,-0.254
Beal ,Bradley,2019,-0.798
Wright ,Brandan,2014,-0.569
Wright ,Brandan,2015,0.327
Wright ,Brandan,2016,0.376
Wright ,Brandan,2017,2.289
Wright ,Brandan,2018,0.59
Dawson ,Branden,2016,-7.403
Bass ,Brandon,2014,0.816
Bass ,Brandon,2015,-0.335
Bass ,Brandon,2016,-0.417
Bass ,Brandon,2017,-1.138
Davies ,Brandon,2014,-0.96
Davies ,Brandon,2015,-3.694
Goodwin ,Brandon,2019,-3.641
Ingram ,Brandon,2017,-1.359
Ingram ,Brandon,2018,0.276
Ingram ,Brandon,2019,1.149
Jennings ,Brandon,2014,-1.321
Jennings ,Brandon,2015,-1.388
Jennings ,Brandon,2016,1.164
Jennings ,Brandon,2017,-1.61
Jennings ,Brandon,2018,-3.181
Knight ,Brandon,2014,-1.052
Knight ,Brandon,2015,-0.43
Knight ,Brandon,2016,-0.838
Knight ,Brandon,2017,-0.449
Knight ,Brandon,2019,-1.462
Paul ,Brandon,2018,-0.328
Rush ,Brandon,2014,-4.093
Rush ,Brandon,2015,-3.728
Rush ,Brandon,2016,-0.144
Rush ,Brandon,2017,1.528
Sampson ,Brandon,2019,-1.62
Haywood ,Brendan,2015,3.69
Roberts ,Brian,2014,0.454
Roberts ,Brian,2015,1.115
Roberts ,Brian,2016,0.648
Roberts ,Brian,2017,-1.429
Weber ,Briante,2016,-3.947
Weber ,Briante,2017,-5.822
Weber ,Briante,2018,-7.718
Johnson ,Brice,2017,5.905
Johnson ,Brice,2018,3.933
Lopez ,Brook,2014,3.288
Lopez ,Brook,2015,1.347
Lopez ,Brook,2016,1.31
Lopez ,Brook,2017,0.844
Lopez ,Brook,2018,1.262
Lopez ,Brook,2019,2.532
Brown ,Bruce,2019,2.207
Caboclo ,Bruno,2015,-10.363
Caboclo ,Bruno,2016,-2.35
Caboclo ,Bruno,2017,14.176
Caboclo ,Bruno,2018,4.007
Caboclo ,Bruno,2019,0.908
Cotton ,Bryce,2015,-3.361
Cotton ,Bryce,2016,-8.125
Dejean-Jones ,Bryce,2016,-2.567
Forbes ,Bryn,2017,-0.733
Forbes ,Bryn,2018,-0.09
Forbes ,Bryn,2019,-1.823
Hield ,Buddy,2017,-1.737
Hield ,Buddy,2018,-0.663
Hield ,Buddy,2019,-0.22
Mullens ,Byron,2014,-3.948
Watson ,C.J.,2014,0.598
Watson ,C.J.,2015,0.981
Watson ,C.J.,2016,-2.398
Watson ,C.J.,2017,-1.348
Williams ,C.J.,2018,0.793
Williams ,C.J.,2019,-2.327
McCollum ,CJ,2014,1.582
McCollum ,CJ,2015,2.083
McCollum ,CJ,2016,0.172
McCollum ,CJ,2017,-0.67
McCollum ,CJ,2018,0.485
McCollum ,CJ,2019,0.699
Miles ,CJ,2014,-1.157
Miles ,CJ,2015,1.032
Miles ,CJ,2016,0.437
Miles ,CJ,2017,-0.558
Miles ,CJ,2018,-0.367
Miles ,CJ,2019,0.49
Wilcox ,CJ,2015,-6.24
Wilcox ,CJ,2016,3.21
Wilcox ,CJ,2017,-3.535
Swanigan ,Caleb,2018,-0.703
Swanigan ,Caleb,2019,0.393
Bairstow ,Cameron,2015,1.039
Bairstow ,Cameron,2016,2.969
Payne ,Cameron,2016,-0.584
Payne ,Cameron,2017,-0.335
Payne ,Cameron,2018,0.792
Payne ,Cameron,2019,-3.791
Reynolds ,Cameron,2019,-0.108
LeVert ,Caris,2017,-0.933
LeVert ,Caris,2018,-1.075
LeVert ,Caris,2019,-0.972
Landry ,Carl,2014,-3.1
Landry ,Carl,2015,0.77
Landry ,Carl,2016,-2.045
Boozer ,Carlos,2014,-0.885
Boozer ,Carlos,2015,-0.48
Anthony ,Carmelo,2014,-0.164
Anthony ,Carmelo,2015,-1.473
Anthony ,Carmelo,2016,-0.823
Anthony ,Carmelo,2017,-0.124
Anthony ,Carmelo,2018,-0.656
Anthony ,Carmelo,2019,-1.897
Butler ,Caron,2014,-0.474
Butler ,Caron,2015,-1.027
Butler ,Caron,2016,-1.654
Felix ,Carrick,2014,-2.811
Martin ,Cartier,2014,-2.238
Martin ,Cartier,2015,-4.301
Ware ,Casper,2014,0.471
Osman ,Cedi,2018,0.837
Osman ,Cedi,2019,-1.103
Hutchison ,Chandler,2019,0.505
Parsons ,Chandler,2014,0.186
Parsons ,Chandler,2015,-1.048
Parsons ,Chandler,2016,-0.116
Parsons ,Chandler,2017,-1.218
Parsons ,Chandler,2018,-1.823
Parsons ,Chandler,2019,1.045
Frye ,Channing,2014,-0.083
Frye ,Channing,2015,-1.557
Frye ,Channing,2016,0.09
Frye ,Channing,2017,0.089
Frye ,Channing,2018,-1.636
Frye ,Channing,2019,-3.996
Cooke ,Charles,2018,0.936
Villanueva ,Charlie,2014,-4.325
Villanueva ,Charlie,2015,-1.144
Villanueva ,Charlie,2016,-0.307
Budinger ,Chase,2014,0.214
Budinger ,Chase,2015,-1.396
Budinger ,Chase,2016,0.795
Randle ,Chasson,2017,-1.023
Randle ,Chasson,2019,-1.697
Billups ,Chauncey,2014,-2.877
Diallo ,Cheick,2017,-2.599
Diallo ,Cheick,2018,-1.416
Diallo ,Cheick,2019,-0.018
Metu ,Chimezie,2019,-0.499
Onuaku ,Chinanu,2017,-2.622
Onuaku ,Chinanu,2018,2.195
Andersen ,Chris,2014,1.578
Andersen ,Chris,2015,-1.264
Andersen ,Chris,2016,-1.296
Andersen ,Chris,2017,0.769
Babb ,Chris,2014,-0.091
Bosh ,Chris,2014,0.184
Bosh ,Chris,2015,-0.111
Bosh ,Chris,2016,-0.025
Boucher ,Chris,2018,-2.494
Boucher ,Chris,2019,4.424
Chiozza ,Chris,2019,2.83
Copeland ,Chris,2014,-0.601
Copeland ,Chris,2015,0.021
Copeland ,Chris,2016,-3.026
Douglas-Roberts ,Chris,2014,-0.297
Douglas-Roberts ,Chris,2015,-6.192
Johnson ,Chris,2014,-2.248
Johnson ,Chris,2015,0.55
Johnson ,Chris,2016,0.349
Kaman ,Chris,2014,4.359
Kaman ,Chris,2015,0.026
Kaman ,Chris,2016,0.064
McCullough ,Chris,2016,-0.184
McCullough ,Chris,2017,1.571
McCullough ,Chris,2018,2.208
Paul ,Chris,2014,-0.431
Paul ,Chris,2015,-0.023
Paul ,Chris,2016,-0.84
Paul ,Chris,2017,-1.161
Paul ,Chris,2018,-0.385
Paul ,Chris,2019,-0.89
Singleton ,Chris,2014,-4.645
Smith ,Chris,2014,-2.554
Wright ,Chris,2014,1.344
Wood ,Christian,2016,0.479
Wood ,Christian,2017,1.38
Wood ,Christian,2019,-2.032
Hayes ,Chuck,2014,-0.51
Hayes ,Chuck,2015,-0.807
Hayes ,Chuck,2016,7.41
Early ,Cleanthony,2015,-1.808
Early ,Cleanthony,2016,-0.405
Alexander ,Cliff,2016,2.191
Capela ,Clint,2015,4.55
Capela ,Clint,2016,1.882
Capela ,Clint,2017,0.497
Capela ,Clint,2018,1.707
Capela ,Clint,2019,1.128
Zeller ,Cody,2014,0.541
Zeller ,Cody,2015,1.143
Zeller ,Cody,2016,0.34
Zeller ,Cody,2017,0.062
Zeller ,Cody,2018,1.138
Zeller ,Cody,2019,1.639
Aldrich ,Cole,2014,2.971
Aldrich ,Cole,2015,-0.031
Aldrich ,Cole,2016,-0.068
Aldrich ,Cole,2017,-0.54
Aldrich ,Cole,2018,-4.736
Sexton ,Collin,2019,-3.585
Brewer ,Corey,2014,-0.563
Brewer ,Corey,2015,-0.012
Brewer ,Corey,2016,-1.215
Brewer ,Corey,2017,-0.696
Brewer ,Corey,2018,-1.03
Brewer ,Corey,2019,-1.604
Jefferson ,Cory,2015,0.578
Jefferson ,Cory,2016,-0.196
Joseph ,Cory,2014,0.284
Joseph ,Cory,2015,1.125
Joseph ,Cory,2016,0.955
Joseph ,Cory,2017,0.058
Joseph ,Cory,2018,-0.065
Joseph ,Cory,2019,1.127
Clarke ,Coty,2016,-2.534
Lee ,Courtney,2014,0.911
Lee ,Courtney,2015,-0.761
Lee ,Courtney,2016,1.128
Lee ,Courtney,2017,-0.512
Lee ,Courtney,2018,-0.569
Lee ,Courtney,2019,-0.944
Felicio ,Cristiano,2016,3.773
Felicio ,Cristiano,2017,-0.269
Felicio ,Cristiano,2018,-1.292
Felicio ,Cristiano,2019,-0.474
Russell ,D'Angelo,2016,-1.424
Russell ,D'Angelo,2017,-1.375
Russell ,D'Angelo,2018,-1.862
Russell ,D'Angelo,2019,0.326
Augustin ,D.J.,2014,-0.29
Augustin ,D.J.,2015,-0.732
Augustin ,D.J.,2016,-2.182
Augustin ,D.J.,2017,-1.464
Augustin ,D.J.,2018,-1.137
Augustin ,D.J.,2019,-1.766
Wilson ,D.J.,2018,-4.411
Wilson ,D.J.,2019,0.961
Stephens ,DJ,2014,1.443
Stephens ,DJ,2019,-25.985
White ,DJ,2014,-3.096
Jones ,Dahntay,2015,-1.505
Jones ,Dahntay,2016,0.913
Jones ,Dahntay,2017,-0.226
Bertans ,Dairis,2019,-7.336
Johnson ,Dakari,2018,2.385
Jones ,Damian,2017,3.513
Jones ,Damian,2018,-1.881
Jones ,Damian,2019,1.136
Lillard ,Damian,2014,0.33
Lillard ,Damian,2015,-0.237
Lillard ,Damian,2016,0.113
Lillard ,Damian,2017,-0.4
Lillard ,Damian,2018,0.71
Lillard ,Damian,2019,0.404
Inglis ,Damien,2016,0.241
Wilkins ,Damien,2018,1.453
James ,Damion,2014,1.725
Lee ,Damion,2018,0.99
Lee ,Damion,2019,-2.347
Rudez ,Damjan,2015,-0.997
Rudez ,Damjan,2016,0.275
Rudez ,Damjan,2017,-4.27
Dotson ,Damyean,2018,0.753
Dotson ,Damyean,2019,-1.36
Hamilton ,Daniel,2018,-2.599
Hamilton ,Daniel,2019,3.078
Ochefu ,Daniel,2017,-2.115
Orton ,Daniel,2014,1.502
Theis ,Daniel,2018,1.35
Theis ,Daniel,2019,0.336
Gallinari ,Danilo,2015,-1.16
Gallinari ,Danilo,2016,-1.58
Gallinari ,Danilo,2017,0.18
Gallinari ,Danilo,2018,1.315
Gallinari ,Danilo,2019,-0.647
Granger ,Danny,2014,2.233
Granger ,Danny,2015,-1.407
Green ,Danny,2014,1.534
Green ,Danny,2015,0.985
Green ,Danny,2016,1.32
Green ,Danny,2017,1.736
Green ,Danny,2018,1.524
Green ,Danny,2019,0.081
Cunningham ,Dante,2014,-0.395
Cunningham ,Dante,2015,-0.828
Cunningham ,Dante,2016,-1.221
Cunningham ,Dante,2017,-0.569
Cunningham ,Dante,2018,-1.398
Cunningham ,Dante,2019,-3.582
Exum ,Dante,2015,-1.141
Exum ,Dante,2017,1.689
Exum ,Dante,2018,4.815
Exum ,Dante,2019,0.766
House Jr.,Danuel,2017,-2.566
House Jr.,Danuel,2018,1.042
House Jr.,Danuel,2019,0.399
Saric ,Dario,2017,0.019
Saric ,Dario,2018,-0.097
Saric ,Dario,2019,0.106
Johnson-Odom ,Darius,2014,1.874
Miller ,Darius,2014,-0.732
Miller ,Darius,2015,1.746
Miller ,Darius,2018,0.196
Miller ,Darius,2019,0.697
Morris ,Darius,2014,-4.483
Morris ,Darius,2015,-1.494
Arthur ,Darrell,2014,1.218
Arthur ,Darrell,2015,1.924
Arthur ,Darrell,2016,1.257
Arthur ,Darrell,2017,0.69
Arthur ,Darrell,2018,-3.631
Collison ,Darren,2014,0.303
Collison ,Darren,2015,0.792
Collison ,Darren,2016,-1.799
Collison ,Darren,2017,-0.01
Collison ,Darren,2018,-0.131
Collison ,Darren,2019,-1.437
Hilliard ,Darrun,2016,-0.91
Hilliard ,Darrun,2017,-0.223
Hilliard ,Darrun,2018,-5.93
Macon ,Daryl,2019,1.915
Lee ,David,2014,0.893
Lee ,David,2015,0.442
Lee ,David,2016,0.179
Lee ,David,2017,0.77
Nwaba ,David,2017,1.408
Nwaba ,David,2018,-2.362
Nwaba ,David,2019,-0.319
Stockton ,David,2015,10.833
Stockton ,David,2018,-1.971
Wear ,David,2015,-5.121
West ,David,2014,1.475
West ,David,2015,-0.684
West ,David,2016,0.927
West ,David,2017,3.334
West ,David,2018,3.348
Bertans ,Davis,2017,0.936
Bertans ,Davis,2018,2.171
Bertans ,Davis,2019,0.124
Reed ,Davon,2018,-0.781
Reed ,Davon,2019,2.357
Fox ,De'Aaron,2018,-0.473
Fox ,De'Aaron,2019,-0.169
Melton ,De'Anthony,2019,-0.408
Jordan ,DeAndre,2014,1.18
Jordan ,DeAndre,2015,0.43
Jordan ,DeAndre,2016,1.731
Jordan ,DeAndre,2017,1.019
Jordan ,DeAndre,2018,0.548
Jordan ,DeAndre,2019,0.833
Liggins ,DeAndre,2014,-2.554
Liggins ,DeAndre,2017,-1.289
Liggins ,DeAndre,2018,-2.92
Bembry ,DeAndre',2017,1.26
Bembry ,DeAndre',2018,-1.866
Bembry ,DeAndre',2019,-0.997
Blair ,DeJuan,2014,-1.18
Blair ,DeJuan,2015,-1.273
Blair ,DeJuan,2016,-0.19
DeRozan ,DeMar,2014,-0.45
DeRozan ,DeMar,2015,-1.586
DeRozan ,DeMar,2016,-1.228
DeRozan ,DeMar,2017,-0.466
DeRozan ,DeMar,2018,-0.595
DeRozan ,DeMar,2019,-0.955
Cousins ,DeMarcus,2014,0.921
Cousins ,DeMarcus,2015,1.377
Cousins ,DeMarcus,2016,0.831
Cousins ,DeMarcus,2017,0.753
Cousins ,DeMarcus,2018,0.625
Cousins ,DeMarcus,2019,2.178
Carroll ,DeMarre,2014,0.333
Carroll ,DeMarre,2015,-0.223
Carroll ,DeMarre,2016,0.562
Carroll ,DeMarre,2017,1.859
Carroll ,DeMarre,2018,0.032
Carroll ,DeMarre,2019,-0.537
Akoon-Purcell ,DeVaughn,2019,-8.117
Ayton ,Deandre,2019,0.616
Murray ,Dejounte,2017,1.602
Murray ,Dejounte,2018,-0.344
Wright ,Delon,2016,0.901
Wright ,Delon,2017,1.28
Wright ,Delon,2018,1.129
Wright ,Delon,2019,0.429
Jackson ,Demetrius,2017,-5.817
Jackson ,Demetrius,2018,-2.795
Jackson ,Demetrius,2019,3.44
Adel ,Deng,2019,-0.795
Schroder ,Dennis,2014,0.199
Schroder ,Dennis,2015,-1.159
Schroder ,Dennis,2016,0.619
Schroder ,Dennis,2017,0.473
Schroder ,Dennis,2018,-1.561
Schroder ,Dennis,2019,-0.417
Smith Jr.,Dennis,2018,-0.842
Smith Jr.,Dennis,2019,1.153
Valentine ,Denzel,2017,1.191
Valentine ,Denzel,2018,-1.206
Burton ,Deonte,2019,1.354
Fisher ,Derek,2014,-1.848
Williams ,Deron,2014,-0.077
Williams ,Deron,2015,-1.241
Williams ,Deron,2016,0.238
Williams ,Deron,2017,-0.097
Favors ,Derrick,2014,0.938
Favors ,Derrick,2015,2.398
Favors ,Derrick,2016,1.347
Favors ,Derrick,2017,0.777
Favors ,Derrick,2018,1.678
Favors ,Derrick,2019,3.741
Jones Jr.,Derrick,2017,0.226
Jones Jr.,Derrick,2018,1.205
Jones Jr.,Derrick,2019,3.101
Rose ,Derrick,2014,2.384
Rose ,Derrick,2015,1.114
Rose ,Derrick,2016,-0.274
Rose ,Derrick,2017,0.95
Rose ,Derrick,2018,-1.26
Rose ,Derrick,2019,0.265
Walton Jr.,Derrick,2018,0.233
White ,Derrick,2018,6.031
White ,Derrick,2019,1.742
Williams ,Derrick,2014,-1.088
Williams ,Derrick,2015,-1.263
Williams ,Derrick,2016,-0.033
Williams ,Derrick,2017,-0.902
Williams ,Derrick,2018,3.019
Booker ,Devin,2016,-1.399
Booker ,Devin,2017,-0.322
Booker ,Devin,2018,-0.686
Booker ,Devin,2019,-0.929
Harris ,Devin,2014,0.106
Harris ,Devin,2015,0.972
Harris ,Devin,2016,-1.646
Harris ,Devin,2017,0.062
Harris ,Devin,2018,-0.635
Harris ,Devin,2019,-0.848
Robinson ,Devin,2018,-2.414
Robinson ,Devin,2019,2.943
Graham ,Devonte',2019,-2.118
Marble ,Devyn,2015,-2.194
Marble ,Devyn,2016,-2.085
Dedmon ,Dewayne,2014,0.228
Dedmon ,Dewayne,2015,1.758
Dedmon ,Dewayne,2016,0.942
Dedmon ,Dewayne,2017,2.742
Dedmon ,Dewayne,2018,0.573
Dedmon ,Dewayne,2019,0.756
Pittman ,Dexter,2014,12.205
Davis ,Deyonta,2017,3.236
Davis ,Deyonta,2018,-0.731
Davis ,Deyonta,2019,1.858
Stone ,Diamond,2017,-5.219
Garrett ,Diante,2014,0.037
Brooks ,Dillon,2018,-1.217
Brooks ,Dillon,2019,0.949
Waiters ,Dion,2014,0.094
Waiters ,Dion,2015,-0.01
Waiters ,Dion,2016,1.03
Waiters ,Dion,2017,2.099
Waiters ,Dion,2018,-0.788
Waiters ,Dion,2019,-0.379
Christmas ,Dionte,2014,-2.795
Nowitzki ,Dirk,2014,0.161
Nowitzki ,Dirk,2015,-0.873
Nowitzki ,Dirk,2016,-0.004
Nowitzki ,Dirk,2017,-0.314
Nowitzki ,Dirk,2018,-0.235
Nowitzki ,Dirk,2019,-2.228
Sabonis ,Domantas,2017,0.493
Sabonis ,Domantas,2018,0.623
Sabonis ,Domantas,2019,0.217
Sloan ,Donald,2014,-4.382
Sloan ,Donald,2015,0.161
Sloan ,Donald,2016,-1.967
Motiejunas ,Donatas,2014,0.191
Motiejunas ,Donatas,2015,0.42
Motiejunas ,Donatas,2016,1.882
Motiejunas ,Donatas,2017,0.221
Motiejunas ,Donatas,2019,-2.152
Mitchell ,Donovan,2018,1.106
Mitchell ,Donovan,2019,-1.076
DiVincenzo ,Donte,2019,2.024
Grantham ,Donte,2019,7.323
Wright ,Dorell,2014,1.115
Wright ,Dorell,2015,-0.364
Wright ,Dorell,2016,16.265
Finney-Smith ,Dorian,2017,-0.289
Finney-Smith ,Dorian,2018,-0.74
Finney-Smith ,Dorian,2019,1.308
Lamb ,Doron,2014,-2.175
McDermott ,Doug,2015,-2.724
McDermott ,Doug,2016,-1.308
McDermott ,Doug,2017,-1.514
McDermott ,Doug,2018,0.676
McDermott ,Doug,2019,-0.451
Bender ,Dragan,2017,-0.152
Bender ,Dragan,2018,0.434
Bender ,Dragan,2019,1.135
Green ,Draymond,2014,3.125
Green ,Draymond,2015,3.871
Green ,Draymond,2016,4.236
Green ,Draymond,2017,3.415
Green ,Draymond,2018,2.249
Green ,Draymond,2019,1.761
Eubanks ,Drew,2019,0.604
Gooden ,Drew,2014,0.01
Gooden ,Drew,2015,0.413
Gooden ,Drew,2016,-3.021
Gordon ,Drew,2015,-2.206
Dukan ,Duje,2016,2.023
Robinson ,Duncan,2019,-1.778
Hannahs ,Dusty,2019,-0.828
Bacon ,Dwayne,2018,0.524
Bacon ,Dwayne,2019,-0.997
Buycks ,Dwight,2014,1.213
Buycks ,Dwight,2015,-2.485
Buycks ,Dwight,2018,0.338
Howard ,Dwight,2014,0.714
Howard ,Dwight,2015,0.385
Howard ,Dwight,2016,-0.439
Howard ,Dwight,2017,0.633
Howard ,Dwight,2018,-0.186
Howard ,Dwight,2019,-0.256
Powell ,Dwight,2015,-0.487
Powell ,Dwight,2016,1.421
Powell ,Dwight,2017,-0.956
Powell ,Dwight,2018,0.891
Powell ,Dwight,2019,1.105
Wade ,Dwyane,2014,-0.297
Wade ,Dwyane,2015,0.571
Wade ,Dwyane,2016,-0.048
Wade ,Dwyane,2017,-1.139
Wade ,Dwyane,2018,1.355
Wade ,Dwyane,2019,0.341
Musa ,Dzanan,2019,-3.962
Moore ,E'Twaun,2014,0.39
Moore ,E'Twaun,2015,0.497
Moore ,E'Twaun,2016,0.798
Moore ,E'Twaun,2017,-0.905
Moore ,E'Twaun,2018,-0.845
Moore ,E'Twaun,2019,-1.435
Barron ,Earl,2015,-2.874
Clark ,Earl,2014,-0.739
Clark ,Earl,2015,2.154
Watson ,Earl,2014,-1.417
Davis ,Ed,2014,1.466
Davis ,Ed,2015,-0.188
Davis ,Ed,2016,1.232
Davis ,Ed,2017,-1.068
Davis ,Ed,2018,0.492
Davis ,Ed,2019,0.227
Sumner ,Edmond,2018,-45.073
Sumner ,Edmond,2019,2.17
Tavares ,Edy,2016,0.287
Tavares ,Edy,2017,4.373
Udoh ,Ekpe,2014,0.036
Udoh ,Ekpe,2015,-0.331
Udoh ,Ekpe,2018,2.166
Udoh ,Ekpe,2019,0.513
Payton ,Elfrid,2015,-2.055
Payton ,Elfrid,2016,-0.944
Payton ,Elfrid,2017,0.355
Payton ,Elfrid,2018,-1.122
Payton ,Elfrid,2019,0.234
Harris ,Elias,2014,-25.026
Okobo ,Elie,2019,-0.854
Millsap ,Elijah,2015,2.041
Millsap ,Elijah,2016,2.855
Millsap ,Elijah,2017,1.184
Williams ,Elliot,2014,-2.192
Williams ,Elliot,2015,-5.824
Williams ,Elliot,2016,1.579
Brand ,Elton,2014,-0.321
Brand ,Elton,2015,0.159
Brand ,Elton,2016,0.292
Terry ,Emanuel,2019,-9.576
Okafor ,Emeka,2018,1.689
Mudiay ,Emmanuel,2016,-0.239
Mudiay ,Emmanuel,2017,-2.575
Mudiay ,Emmanuel,2018,-1.878
Mudiay ,Emmanuel,2019,0.477
Kanter ,Enes,2014,-0.629
Kanter ,Enes,2015,-0.91
Kanter ,Enes,2016,0.542
Kanter ,Enes,2017,0.894
Kanter ,Enes,2018,-0.823
Kanter ,Enes,2019,0.006
Bledsoe ,Eric,2014,1.325
Bledsoe ,Eric,2015,0.667
Bledsoe ,Eric,2016,1.674
Bledsoe ,Eric,2017,-1.954
Bledsoe ,Eric,2018,0.017
Bledsoe ,Eric,2019,1.227
Gordon ,Eric,2014,-2.195
Gordon ,Eric,2015,-0.735
Gordon ,Eric,2016,-0.822
Gordon ,Eric,2017,0.44
Gordon ,Eric,2018,0.422
Gordon ,Eric,2019,0.455
Maynor ,Eric,2014,-4.831
Moreland ,Eric,2015,-15.476
Moreland ,Eric,2016,2.558
Moreland ,Eric,2018,1.259
Moreland ,Eric,2019,-3.568
Green ,Erick,2015,-2.511
Green ,Erick,2016,-2.361
McCree ,Erik,2018,-7.533
Murphy ,Erik,2014,-0.239
Ilyasova ,Ersan,2014,-2.224
Ilyasova ,Ersan,2015,-0.482
Ilyasova ,Ersan,2016,-1.627
Ilyasova ,Ersan,2017,0.511
Ilyasova ,Ersan,2018,0.84
Ilyasova ,Ersan,2019,-0.202
Fournier ,Evan,2014,-1.122
Fournier ,Evan,2015,-1.209
Fournier ,Evan,2016,-1.338
Fournier ,Evan,2017,0.175
Fournier ,Evan,2018,-1.312
Fournier ,Evan,2019,-0.561
Turner ,Evan,2014,-2.006
Turner ,Evan,2015,0.265
Turner ,Evan,2016,2.002
Turner ,Evan,2017,0.848
Turner ,Evan,2018,0.908
Turner ,Evan,2019,2.229
Ezeli ,Festus,2015,1.402
Ezeli ,Festus,2016,1.774
Garcia ,Francisco,2014,0.284
Garcia ,Francisco,2015,1.944
Jackson ,Frank,2019,-2.105
Kaminsky ,Frank,2016,-0.147
Kaminsky ,Frank,2017,-0.186
Kaminsky ,Frank,2018,-1.418
Kaminsky ,Frank,2019,-1.513
Mason ,Frank,2018,-1.055
Mason ,Frank,2019,0.284
Ntilikina ,Frank,2018,1.806
Ntilikina ,Frank,2019,0.007
VanVleet ,Fred,2017,-0.296
VanVleet ,Fred,2018,0.415
VanVleet ,Fred,2019,0.078
Aldemir ,Furkan,2015,-0.743
Korkmaz ,Furkan,2018,-8.237
Korkmaz ,Furkan,2019,-1.743
Mekel ,Gal,2014,-3.2
Mekel ,Gal,2015,8.194
Temple ,Garrett,2014,0.506
Temple ,Garrett,2015,-1.419
Temple ,Garrett,2016,-0.092
Temple ,Garrett,2017,0.312
Temple ,Garrett,2018,-0.167
Temple ,Garrett,2019,-0.314
Clark ,Gary,2019,-1.187
Harris ,Gary,2015,-0.44
Harris ,Gary,2016,-1.179
Harris ,Gary,2017,-2.712
Harris ,Gary,2018,-0.44
Harris ,Gary,2019,1.419
Neal ,Gary,2014,-1.476
Neal ,Gary,2015,-1.321
Neal ,Gary,2016,-2.722
Neal ,Gary,2017,-6.198
Payton II,Gary,2017,-2.282
Payton II,Gary,2018,-3.454
Payton II,Gary,2019,1.921
Trent Jr.,Gary,2019,-2.604
Hill ,George,2014,1.188
Hill ,George,2015,2.159
Hill ,George,2016,0.771
Hill ,George,2017,-0.176
Hill ,George,2018,-0.448
Hill ,George,2019,0.685
King ,George,2019,-30.663
Niang ,Georges,2017,-0.436
Niang ,Georges,2018,-2.089
Niang ,Georges,2019,-0.087
Papagiannis ,Georgios,2017,0.284
Papagiannis ,Georgios,2018,-5.565
Green ,Gerald,2014,1.086
Green ,Gerald,2015,-1.182
Green ,Gerald,2016,1.283
Green ,Gerald,2017,-0.319
Green ,Gerald,2018,-0.24
Green ,Gerald,2019,-1.431
Henderson ,Gerald,2014,0.97
Henderson ,Gerald,2015,0.495
Henderson ,Gerald,2016,0.053
Henderson ,Gerald,2017,-0.612
Wallace ,Gerald,2014,-1.045
Wallace ,Gerald,2015,-2.52
Clavell ,Gian,2018,2.267
Antetokounmpo ,Giannis,2014,1.26
Antetokounmpo ,Giannis,2015,0.199
Antetokounmpo ,Giannis,2016,0.402
Antetokounmpo ,Giannis,2017,1.707
Antetokounmpo ,Giannis,2018,1.455
Antetokounmpo ,Giannis,2019,2.129
Datome ,Gigi,2014,-3.918
Datome ,Gigi,2015,1.007
Davis ,Glen,2014,0.489
Davis ,Glen,2015,0.357
Rice ,Glen,2014,3.532
Rice ,Glen,2015,-7.918
Robinson III,Glenn,2015,-2.985
Robinson III,Glenn,2016,0.422
Robinson III,Glenn,2017,0.345
Robinson III,Glenn,2018,-0.596
Robinson III,Glenn,2019,-0.796
Dragic ,Goran,2014,-0.589
Dragic ,Goran,2015,-0.259
Dragic ,Goran,2016,1.733
Dragic ,Goran,2017,0.177
Dragic ,Goran,2018,1.066
Dragic ,Goran,2019,0.112
Hayward ,Gordon,2014,-0.155
Hayward ,Gordon,2015,-0.874
Hayward ,Gordon,2016,-0.865
Hayward ,Gordon,2017,0.129
Hayward ,Gordon,2018,-11.754
Hayward ,Gordon,2019,0.739
Dieng ,Gorgui,2014,0.205
Dieng ,Gorgui,2015,-1.26
Dieng ,Gorgui,2016,-1.004
Dieng ,Gorgui,2017,-0.624
Dieng ,Gorgui,2018,-0.958
Dieng ,Gorgui,2019,-0.594
Jerrett ,Grant,2015,-1.078
Allen ,Grayson,2019,-1.174
Monroe ,Greg,2014,-0.671
Monroe ,Greg,2015,-0.117
Monroe ,Greg,2016,-0.319
Monroe ,Greg,2017,-1.165
Monroe ,Greg,2018,-1.003
Monroe ,Greg,2019,0.281
Oden ,Greg,2014,2.453
Smith ,Greg,2014,0.778
Smith ,Greg,2015,-0.88
Smith ,Greg,2016,-0.901
Stiemsma ,Greg,2014,-0.864
Stiemsma ,Greg,2015,1.706
Vasquez ,Greivis,2014,0.626
Vasquez ,Greivis,2015,-1.034
Vasquez ,Greivis,2016,-2.522
Vasquez ,Greivis,2017,3.51
Yabusele ,Guerschon,2018,-3.608
Yabusele ,Guerschon,2019,2.592
Ayon ,Gustavo,2014,0.651
Ndiaye ,Hamady,2014,-3.683
Diallo ,Hamidou,2019,-0.694
Barnes ,Harrison,2014,-0.615
Barnes ,Harrison,2015,0.215
Barnes ,Harrison,2016,-0.357
Barnes ,Harrison,2017,-0.635
Barnes ,Harrison,2018,0.07
Barnes ,Harrison,2019,-0.425
Giles III,Harry,2019,-0.066
Thabeet ,Hasheem,2014,-0.404
Whiteside ,Hassan,2015,1.395
Whiteside ,Hassan,2016,2.316
Whiteside ,Hassan,2017,1.344
Whiteside ,Hassan,2018,1.22
Whiteside ,Hassan,2019,2.886
Highsmith ,Haywood,2019,-1.686
Turkoglu ,Hedo,2014,1.958
Turkoglu ,Hedo,2015,0.044
Ellenson ,Henry,2017,-0.857
Ellenson ,Henry,2018,-1.887
Ellenson ,Henry,2019,-5.148
Sims ,Henry,2014,0.882
Sims ,Henry,2015,-0.829
Sims ,Henry,2016,-5.977
Walker ,Henry,2015,0.357
Armstrong ,Hilton,2014,-2.836
Thompson ,Hollis,2014,-1.666
Thompson ,Hollis,2015,1.312
Thompson ,Hollis,2016,-0.427
Thompson ,Hollis,2017,0.25
Clark ,Ian,2014,-4.003
Clark ,Ian,2015,0.481
Clark ,Ian,2016,-2.007
Clark ,Ian,2017,-0.501
Clark ,Ian,2018,1.618
Clark ,Ian,2019,-1.949
Mahinmi ,Ian,2014,2.436
Mahinmi ,Ian,2015,0.602
Mahinmi ,Ian,2016,-0.155
Mahinmi ,Ian,2017,0.735
Mahinmi ,Ian,2018,1.52
Mahinmi ,Ian,2019,-0.149
Anigbogu ,Ike,2018,-5.9
Anigbogu ,Ike,2019,-16.649
Shumpert ,Iman,2014,-1.049
Shumpert ,Iman,2015,0.533
Shumpert ,Iman,2016,-1.21
Shumpert ,Iman,2017,1.477
Shumpert ,Iman,2018,-2.752
Shumpert ,Iman,2019,-0.832
Bonga ,Isaac,2019,-2.642
Humphries ,Isaac,2019,-1.746
Briscoe ,Isaiah,2019,2.151
Canaan ,Isaiah,2014,1.135
Canaan ,Isaiah,2015,-0.31
Canaan ,Isaiah,2016,-1.15
Canaan ,Isaiah,2017,0.261
Canaan ,Isaiah,2018,0.722
Canaan ,Isaiah,2019,-0.241
Hartenstein ,Isaiah,2019,2.03
Hicks ,Isaiah,2018,-1.674
Hicks ,Isaiah,2019,-2.928
Taylor ,Isaiah,2017,0.015
Taylor ,Isaiah,2018,0.262
Thomas ,Isaiah,2014,0.303
Thomas ,Isaiah,2015,0.291
Thomas ,Isaiah,2016,-0.139
Thomas ,Isaiah,2017,-0.615
Thomas ,Isaiah,2018,1.065
Thomas ,Isaiah,2019,2.553
Whitehead ,Isaiah,2017,0.64
Whitehead ,Isaiah,2018,3.729
Smith ,Ish,2014,0.133
Smith ,Ish,2015,-0.707
Smith ,Ish,2016,-1.047
Smith ,Ish,2017,0.233
Smith ,Ish,2018,1.212
Smith ,Ish,2019,0.387
Rabb ,Ivan,2018,-1.494
Rabb ,Ivan,2019,-3.484
Zubac ,Ivica,2017,0.6
Zubac ,Ivica,2018,1.784
Zubac ,Ivica,2019,2.428
Barea ,J.J.,2014,-1.606
Barea ,J.J.,2015,-0.171
Barea ,J.J.,2016,-1.21
Barea ,J.J.,2017,0.236
Barea ,J.J.,2018,-2.496
Barea ,J.J.,2019,-1.653
Macura ,J.P.,2019,5.284
Hickson ,JJ,2014,-0.003
Hickson ,JJ,2015,-0.379
Hickson ,JJ,2016,2.859
O'Brien ,JJ,2016,-5.588
Redick ,JJ,2014,-0.02
Redick ,JJ,2015,0.576
Redick ,JJ,2016,2.34
Redick ,JJ,2017,-1.132
Redick ,JJ,2018,-0.572
Redick ,JJ,2019,-0.443
Smith ,JR,2014,-1.499
Smith ,JR,2015,0.291
Smith ,JR,2016,-0.626
Smith ,JR,2017,-0.177
Smith ,JR,2018,-0.958
Smith ,JR,2019,-2.111
Sampson ,JaKarr,2015,-0.156
Sampson ,JaKarr,2016,-0.034
Sampson ,JaKarr,2018,3.31
Sampson ,JaKarr,2019,0.131
Green ,JaMychal,2015,2.677
Green ,JaMychal,2016,-0.088
Green ,JaMychal,2017,0.668
Green ,JaMychal,2018,0.368
Green ,JaMychal,2019,-0.66
McGee ,JaVale,2014,-4.321
McGee ,JaVale,2015,-2.852
McGee ,JaVale,2016,-1.606
McGee ,JaVale,2017,1.83
McGee ,JaVale,2018,1.697
McGee ,JaVale,2019,2.166
Bird ,Jabari,2018,-0.631
Brown ,Jabari,2015,-0.021
Parker ,Jabari,2015,-2.655
Parker ,Jabari,2016,-2.362
Parker ,Jabari,2017,-0.878
Parker ,Jabari,2018,0.396
Parker ,Jabari,2019,-0.404
Cooley ,Jack,2015,1.805
Cooley ,Jack,2018,1.34
Evans ,Jacob,2019,-1.279
Pullen ,Jacob,2018,5.982
Wiley ,Jacob,2018,7.399
Crowder ,Jae,2014,0.452
Crowder ,Jae,2015,-0.204
Crowder ,Jae,2016,-0.066
Crowder ,Jae,2017,1.151
Crowder ,Jae,2018,-0.84
Crowder ,Jae,2019,0.336
Okafor ,Jahlil,2016,0.22
Okafor ,Jahlil,2017,0
Okafor ,Jahlil,2018,0.213
Okafor ,Jahlil,2019,1.516
Layman ,Jake,2017,-0.738
Layman ,Jake,2018,-1.843
Layman ,Jake,2019,-0.246
Poeltl ,Jakob,2017,-0.252
Poeltl ,Jakob,2018,2.763
Poeltl ,Jakob,2019,0.642
Brunson ,Jalen,2019,-0.938
Jones ,Jalen,2018,-8.054
Jones ,Jalen,2019,-4.733
Franklin ,Jamaal,2014,0.972
Franklin ,Jamaal,2015,-7.306
Tinsley ,Jamaal,2014,-4.071
Crawford ,Jamal,2014,-0.384
Crawford ,Jamal,2015,-1.313
Crawford ,Jamal,2016,-1.039
Crawford ,Jamal,2017,-0.953
Crawford ,Jamal,2018,-2.363
Crawford ,Jamal,2019,-2.403
Murray ,Jamal,2017,0.801
Murray ,Jamal,2018,-2.212
Murray ,Jamal,2019,-0.527
Warney ,Jameel,2018,-6.748
Nelson ,Jameer,2014,-1.363
Nelson ,Jameer,2015,-0.83
Nelson ,Jameer,2016,-0.976
Nelson ,Jameer,2017,-1.067
Nelson ,Jameer,2018,-0.179
Artis ,Jamel,2018,-1.726
Anderson ,James,2014,-1.184
Anderson ,James,2016,1.555
Ennis III,James,2015,-1.775
Ennis III,James,2016,-1.056
Ennis III,James,2017,0.462
Ennis III,James,2018,1.198
Ennis III,James,2019,-2.682
Harden ,James,2014,1.18
Harden ,James,2015,0.757
Harden ,James,2016,-0.956
Harden ,James,2017,0.419
Harden ,James,2018,0.347
Harden ,James,2019,1.396
Johnson ,James,2014,1.206
Johnson ,James,2015,0.655
Johnson ,James,2016,0.814
Johnson ,James,2017,2.816
Johnson ,James,2018,0.103
Johnson ,James,2019,2.191
Jones ,James,2014,-4.691
Jones ,James,2015,-3.145
Jones ,James,2016,-1.092
Jones ,James,2017,-1.877
Michael McAdoo,James,2015,0.59
Michael McAdoo,James,2016,-1.425
Michael McAdoo,James,2017,1.914
Michael McAdoo,James,2018,9.659
Nunnally ,James,2014,1.804
Nunnally ,James,2019,-4.838
Southerland ,James,2014,12.06
Webb III,James,2018,-1.622
Young ,James,2015,-2.185
Young ,James,2016,-4.162
Young ,James,2017,0.731
Young ,James,2018,6.555
Wilson ,Jamil,2018,1.658
Vesely ,Jan,2014,1.206
Pargo ,Jannero,2014,-2.347
Pargo ,Jannero,2015,4.844
Cunningham ,Jared,2014,2.887
Cunningham ,Jared,2015,-0.338
Cunningham ,Jared,2016,-0.555
Dudley ,Jared,2014,1.39
Dudley ,Jared,2015,-0.328
Dudley ,Jared,2016,0.522
Dudley ,Jared,2017,1.054
Dudley ,Jared,2018,-3.535
Dudley ,Jared,2019,1.402
Sullinger ,Jared,2014,0.311
Sullinger ,Jared,2015,0.248
Sullinger ,Jared,2016,0.351
Sullinger ,Jared,2017,2.527
Terrell ,Jared,2019,8.777
Eddie ,Jarell,2016,1.08
Eddie ,Jarell,2017,-1.944
Eddie ,Jarell,2018,-11.201
Martin ,Jarell,2016,-0.67
Martin ,Jarell,2017,0.004
Martin ,Jarell,2018,0.859
Martin ,Jarell,2019,1.006
Jackson Jr.,Jaren,2019,1.511
Stokes ,Jarnell,2015,-0.825
Stokes ,Jarnell,2016,4.318
Stokes ,Jarnell,2017,4.173
Blossomgame ,Jaron,2019,1.591
Vanderbilt ,Jarred,2019,5.432
Allen ,Jarrett,2018,1.621
Allen ,Jarrett,2019,0.871
Jack ,Jarrett,2014,0.512
Jack ,Jarrett,2015,0.874
Jack ,Jarrett,2016,-1.56
Jack ,Jarrett,2017,-0.21
Jack ,Jarrett,2018,-1.22
Uthoff ,Jarrod,2017,-5.551
Varnado ,Jarvis,2014,-0.107
Collins ,Jason,2014,-5.755
Maxiell ,Jason,2014,1.722
Maxiell ,Jason,2015,1.44
Richardson ,Jason,2015,-2.444
Smith ,Jason,2014,-0.786
Smith ,Jason,2015,-0.039
Smith ,Jason,2016,-0.294
Smith ,Jason,2017,0.644
Smith ,Jason,2018,0.932
Smith ,Jason,2019,1.057
Terry ,Jason,2014,-1.122
Terry ,Jason,2015,0.687
Terry ,Jason,2016,-3.264
Terry ,Jason,2017,1.815
Terry ,Jason,2018,-0.956
Thompson ,Jason,2014,0.118
Thompson ,Jason,2015,-0.325
Thompson ,Jason,2016,-1.307
Evans ,Jawun,2018,-1.032
Evans ,Jawun,2019,-2.708
Adams ,Jaylen,2019,-1.342
Brown ,Jaylen,2017,0.759
Brown ,Jaylen,2018,1.59
Brown ,Jaylen,2019,1.178
Morris ,Jaylen,2018,-0.762
Morris ,Jaylen,2019,6.502
Tatum ,Jayson,2018,-0.133
Tatum ,Jayson,2019,1.261
Adrien ,Jeff,2014,-2.044
Adrien ,Jeff,2015,-0.467
Ayres ,Jeff,2014,-0.198
Ayres ,Jeff,2015,-3.695
Ayres ,Jeff,2016,-3.599
Green ,Jeff,2014,-0.826
Green ,Jeff,2015,0.017
Green ,Jeff,2016,-0.298
Green ,Jeff,2017,0.056
Green ,Jeff,2018,0.471
Green ,Jeff,2019,-0.675
Teague ,Jeff,2014,-0.196
Teague ,Jeff,2015,0.327
Teague ,Jeff,2016,0.856
Teague ,Jeff,2017,-0.334
Teague ,Jeff,2018,-1.397
Teague ,Jeff,2019,-0.065
Withey ,Jeff,2014,0.666
Withey ,Jeff,2015,1.676
Withey ,Jeff,2016,2.951
Withey ,Jeff,2017,-0.274
Withey ,Jeff,2018,2.136
Taylor ,Jeffery,2014,1.872
Taylor ,Jeffery,2015,-2.335
Jones ,Jemerrio,2019,2.953
Grant ,Jerami,2015,0.204
Grant ,Jerami,2016,1.828
Grant ,Jerami,2017,1.679
Grant ,Jerami,2018,1.072
Grant ,Jerami,2019,0.695
McNeal ,Jerel,2015,-0.559
Evans ,Jeremy,2014,-0.015
Evans ,Jeremy,2015,0.668
Evans ,Jeremy,2016,1.283
Evans ,Jeremy,2018,15.896
Lamb ,Jeremy,2014,-0.009
Lamb ,Jeremy,2015,2.63
Lamb ,Jeremy,2016,2.176
Lamb ,Jeremy,2017,-1.912
Lamb ,Jeremy,2018,0.275
Lamb ,Jeremy,2019,-0.933
Lin ,Jeremy,2014,1.292
Lin ,Jeremy,2015,-0.411
Lin ,Jeremy,2016,1.465
Lin ,Jeremy,2017,2.193
Lin ,Jeremy,2018,-8.721
Lin ,Jeremy,2019,-1.956
Tyler ,Jeremy,2014,-0.241
Grant ,Jerian,2016,-0.26
Grant ,Jerian,2017,0.791
Grant ,Jerian,2018,0.189
Grant ,Jerian,2019,-0.991
O'Neal ,Jermaine,2014,1.59
Jordan ,Jerome,2015,0.239
Robinson ,Jerome,2019,0.528
Benimon ,Jerrelle,2015,-2.545
Bayless ,Jerryd,2014,-1.807
Bayless ,Jerryd,2015,0.855
Bayless ,Jerryd,2016,0.293
Bayless ,Jerryd,2017,-1.18
Bayless ,Jerryd,2018,0.29
Bayless ,Jerryd,2019,-1.968
Carter ,Jevon,2019,-0.933
Fredette ,Jimmer,2014,-1.512
Fredette ,Jimmer,2015,-0.554
Fredette ,Jimmer,2016,-12.089
Fredette ,Jimmer,2019,-2.982
Butler ,Jimmy,2014,1.398
Butler ,Jimmy,2015,0.259
Butler ,Jimmy,2016,-0.598
Butler ,Jimmy,2017,0.722
Butler ,Jimmy,2018,0.801
Butler ,Jimmy,2019,0.624
Noah ,Joakim,2014,2.082
Noah ,Joakim,2015,1.938
Noah ,Joakim,2016,0.971
Noah ,Joakim,2017,-0.112
Noah ,Joakim,2018,6.307
Noah ,Joakim,2019,1.357
Meeks ,Jodie,2014,-0.558
Meeks ,Jodie,2015,0.202
Meeks ,Jodie,2016,7.333
Meeks ,Jodie,2017,-0.641
Meeks ,Jodie,2018,-1.335
Meeks ,Jodie,2019,-0.105
Chealey ,Joe,2019,-2.437
Harris ,Joe,2015,-3.916
Harris ,Joe,2016,-14.751
Harris ,Joe,2017,-0.338
Harris ,Joe,2018,0.688
Harris ,Joe,2019,0.017
Ingles ,Joe,2015,-0.192
Ingles ,Joe,2016,-0.828
Ingles ,Joe,2017,0.448
Ingles ,Joe,2018,-0.143
Ingles ,Joe,2019,-1.167
Johnson ,Joe,2014,-0.629
Johnson ,Joe,2015,-1.048
Johnson ,Joe,2016,-0.867
Johnson ,Joe,2017,0.164
Johnson ,Joe,2018,0.682
Young ,Joe,2016,0.185
Young ,Joe,2017,-2.399
Young ,Joe,2018,0.049
Anthony ,Joel,2014,-0.471
Anthony ,Joel,2015,2.268
Anthony ,Joel,2016,-3.859
Anthony ,Joel,2017,-2.519
Bolomboy ,Joel,2017,0.224
Bolomboy ,Joel,2018,-3.713
Embiid ,Joel,2017,3.514
Embiid ,Joel,2018,3.392
Embiid ,Joel,2019,2.396
Freeland ,Joel,2014,1.415
Freeland ,Joel,2015,2.499
Dorsey ,Joey,2015,1.033
Lauvergne ,Joffrey,2015,-0.569
Lauvergne ,Joffrey,2016,-0.269
Lauvergne ,Joffrey,2017,-0.467
Lauvergne ,Joffrey,2018,-2.443
Collins ,John,2018,1.354
Collins ,John,2019,0.884
Henson ,John,2014,0.055
Henson ,John,2015,2.314
Henson ,John,2016,2.757
Henson ,John,2017,0.482
Henson ,John,2018,0.665
Henson ,John,2019,3.603
Holland ,John,2016,-41.418
Holland ,John,2018,-2.1
Holland ,John,2019,-2.437
Jenkins ,John,2014,-2.409
Jenkins ,John,2015,-1.779
Jenkins ,John,2016,0.092
Jenkins ,John,2017,-10.647
Jenkins ,John,2019,-2.437
Lucas III,John,2014,-1.089
Lucas III,John,2015,-1.705
Lucas III,John,2017,-2.566
Salmons ,John,2014,0.38
Salmons ,John,2015,-4.115
Wall ,John,2014,-1.233
Wall ,John,2015,0.208
Wall ,John,2016,0.484
Wall ,John,2017,0.272
Wall ,John,2018,1.945
Wall ,John,2019,-0.913
Motley ,Johnathan,2018,-0.817
Motley ,Johnathan,2019,-2.881
Williams ,Johnathan,2019,-0.265
O'Bryant III,Johnny,2015,-2.308
O'Bryant III,Johnny,2016,-0.137
O'Bryant III,Johnny,2017,-6.84
O'Bryant III,Johnny,2018,-3.708
Leuer ,Jon,2014,-0.09
Leuer ,Jon,2015,1.122
Leuer ,Jon,2016,-0.84
Leuer ,Jon,2017,-0.56
Leuer ,Jon,2018,-3.945
Leuer ,Jon,2019,-2.634
Bolden ,Jonah,2019,0.928
Jerebko ,Jonas,2014,-1.734
Jerebko ,Jonas,2015,2.607
Jerebko ,Jonas,2016,1.108
Jerebko ,Jonas,2017,-0.286
Jerebko ,Jonas,2018,-1.112
Jerebko ,Jonas,2019,-0.561
Valanciunas ,Jonas,2014,0.592
Valanciunas ,Jonas,2015,0.415
Valanciunas ,Jonas,2016,0.545
Valanciunas ,Jonas,2017,0.343
Valanciunas ,Jonas,2018,1.63
Valanciunas ,Jonas,2019,2.254
Gibson ,Jonathan,2017,-3.821
Gibson ,Jonathan,2018,-1.824
Isaac ,Jonathan,2018,0.426
Isaac ,Jonathan,2019,0.61
Simmons ,Jonathon,2016,-2.276
Simmons ,Jonathon,2017,-0.749
Simmons ,Jonathon,2018,-0.955
Simmons ,Jonathon,2019,-0.791
Adams ,Jordan,2015,-2.244
Adams ,Jordan,2016,-5.118
Bell ,Jordan,2018,1.421
Bell ,Jordan,2019,0.006
Clarkson ,Jordan,2015,-1.51
Clarkson ,Jordan,2016,-1.367
Clarkson ,Jordan,2017,-1.126
Clarkson ,Jordan,2018,-0.882
Clarkson ,Jordan,2019,-0.396
Crawford ,Jordan,2014,0.547
Crawford ,Jordan,2017,-1.762
Crawford ,Jordan,2018,-6.837
Farmar ,Jordan,2014,-0.878
Farmar ,Jordan,2015,0.619
Farmar ,Jordan,2016,0.892
Farmar ,Jordan,2017,-6.428
Hamilton ,Jordan,2014,-0.599
Hamilton ,Jordan,2015,-0.941
Hamilton ,Jordan,2016,-1.219
Hill ,Jordan,2014,0.339
Hill ,Jordan,2015,-1.292
Hill ,Jordan,2016,-0.057
Hill ,Jordan,2017,-5.336
Loyd ,Jordan,2019,-1.182
McRae ,Jordan,2016,-0.801
McRae ,Jordan,2017,-1.441
McRae ,Jordan,2019,-2.228
Mickey ,Jordan,2016,6.114
Mickey ,Jordan,2017,-3.985
Mickey ,Jordan,2018,0.039
Sibert ,Jordan,2019,-2.437
Gutierrez ,Jorge,2014,-0.261
Gutierrez ,Jorge,2015,2.699
Gutierrez ,Jorge,2016,3.982
Calderon ,Jose,2014,-1.576
Calderon ,Jose,2015,-4.076
Calderon ,Jose,2016,-0.499
Calderon ,Jose,2017,-1.995
Calderon ,Jose,2018,-0.437
Calderon ,Jose,2019,-1.067
Childress ,Josh,2014,11.339
Gray ,Josh,2018,-5.609
Harrellson ,Josh,2014,3.16
Hart ,Josh,2018,0.947
Hart ,Josh,2019,1.723
Huestis ,Josh,2016,2.978
Huestis ,Josh,2017,13.991
Huestis ,Josh,2018,2.378
Jackson ,Josh,2018,-1.028
Jackson ,Josh,2019,0.556
Magette ,Josh,2018,-2.165
McRoberts ,Josh,2014,-0.769
McRoberts ,Josh,2015,-0.182
McRoberts ,Josh,2016,1.327
McRoberts ,Josh,2017,-2.655
McRoberts ,Josh,2018,-16.721
Okogie ,Josh,2019,-1.454
Powell ,Josh,2014,-4.709
Richardson ,Josh,2016,1.35
Richardson ,Josh,2017,1.916
Richardson ,Josh,2018,1.906
Richardson ,Josh,2019,0.157
Smith ,Josh,2014,0.747
Smith ,Josh,2015,2.82
Smith ,Josh,2016,2.55
Smith ,Josh,2018,0.315
Holiday ,Jrue,2014,-0.296
Holiday ,Jrue,2015,0.632
Holiday ,Jrue,2016,-1.056
Holiday ,Jrue,2017,2.418
Holiday ,Jrue,2018,1.585
Holiday ,Jrue,2019,0.242
Hernangomez ,Juancho,2017,-0.741
Hernangomez ,Juancho,2018,1.297
Hernangomez ,Juancho,2019,0.83
Washburn ,Julian,2019,2.29
Randle ,Julius,2015,-5.726
Randle ,Julius,2016,-1.347
Randle ,Julius,2017,-1.318
Randle ,Julius,2018,0.189
Randle ,Julius,2019,-0.405
Stone ,Julyan,2014,-0.5
Stone ,Julyan,2018,3.166
Anderson ,Justin,2016,-0.754
Anderson ,Justin,2017,-0.087
Anderson ,Justin,2018,1.035
Anderson ,Justin,2019,-1.465
Hamilton ,Justin,2014,-1.265
Hamilton ,Justin,2015,0.049
Hamilton ,Justin,2017,0.192
Harper ,Justin,2016,-0.819
Harper ,Justin,2017,11.293
Holiday ,Justin,2015,0.635
Holiday ,Justin,2016,1.323
Holiday ,Justin,2017,-0.465
Holiday ,Justin,2018,0.674
Holiday ,Justin,2019,0.309
Jackson ,Justin,2018,-0.743
Jackson ,Justin,2019,-0.156
Patton ,Justin,2018,-2.494
Patton ,Justin,2019,-8.452
Winslow ,Justise,2016,1.884
Winslow ,Justise,2017,-0.398
Winslow ,Justise,2018,1.705
Winslow ,Justise,2019,-0.405
Nurkic ,Jusuf,2015,1.039
Nurkic ,Jusuf,2016,-0.492
Nurkic ,Jusuf,2017,0.868
Nurkic ,Jusuf,2018,0.367
Nurkic ,Jusuf,2019,3.027
McDaniels ,KJ,2015,1.526
McDaniels ,KJ,2016,0.914
McDaniels ,KJ,2017,2.727
Allen ,Kadeem,2018,-0.89
Allen ,Kadeem,2019,-0.16
Lucas ,Kalin,2015,-14.366
Lucas ,Kalin,2019,-2.437
Towns ,Karl-Anthony,2016,0.202
Towns ,Karl-Anthony,2017,-0.372
Towns ,Karl-Anthony,2018,-0.02
Towns ,Karl-Anthony,2019,0.53
Leonard ,Kawhi,2014,2.405
Leonard ,Kawhi,2015,-0.152
Leonard ,Kawhi,2016,1.74
Leonard ,Kawhi,2017,0.047
Leonard ,Kawhi,2018,2.531
Leonard ,Kawhi,2019,0.249
Felder ,Kay,2017,-1.717
Felder ,Kay,2018,2.13
Bates-Diop ,Keita,2019,0.799
Appling ,Keith,2016,6.28
Bogans ,Keith,2014,3.138
Olynyk ,Kelly,2014,-0.365
Olynyk ,Kelly,2015,0.535
Olynyk ,Kelly,2016,0.828
Olynyk ,Kelly,2017,-0.405
Olynyk ,Kelly,2018,-0.228
Olynyk ,Kelly,2019,-0.213
Oubre Jr.,Kelly,2016,-1.748
Oubre Jr.,Kelly,2017,-0.556
Oubre Jr.,Kelly,2018,-1.718
Oubre Jr.,Kelly,2019,-0.561
Walker ,Kemba,2014,1.269
Walker ,Kemba,2015,1.923
Walker ,Kemba,2016,-0.015
Walker ,Kemba,2017,0.173
Walker ,Kemba,2018,1.332
Walker ,Kemba,2019,0.617
Marshall ,Kendall,2014,-1.94
Marshall ,Kendall,2015,0.936
Marshall ,Kendall,2016,-3.216
Perkins ,Kendrick,2014,1.132
Perkins ,Kendrick,2015,1.019
Perkins ,Kendrick,2016,-1.486
Perkins ,Kendrick,2018,-3.911
Faried ,Kenneth,2014,-0.484
Faried ,Kenneth,2015,-0.573
Faried ,Kenneth,2016,-1.712
Faried ,Kenneth,2017,-1.184
Faried ,Kenneth,2018,-1.88
Faried ,Kenneth,2019,0.645
Williams ,Kenrich,2019,0.092
Bazemore ,Kent,2014,-0.431
Bazemore ,Kent,2015,0.283
Bazemore ,Kent,2016,1.206
Bazemore ,Kent,2017,1.339
Bazemore ,Kent,2018,-1.237
Bazemore ,Kent,2019,-1.072
Caldwell-Pope ,Kentavious,2014,-1.087
Caldwell-Pope ,Kentavious,2015,-0.965
Caldwell-Pope ,Kentavious,2016,0.968
Caldwell-Pope ,Kentavious,2017,-0.726
Caldwell-Pope ,Kentavious,2018,-1.518
Caldwell-Pope ,Kentavious,2019,-2.493
Martin ,Kenyon,2014,3.138
Martin ,Kenyon,2015,3.677
Durant ,Kevin,2014,1.292
Durant ,Kevin,2015,0.448
Durant ,Kevin,2016,1.977
Durant ,Kevin,2017,2.28
Durant ,Kevin,2018,1.126
Durant ,Kevin,2019,0.942
Garnett ,Kevin,2014,0.54
Garnett ,Kevin,2015,-0.492
Garnett ,Kevin,2016,1.218
Huerter ,Kevin,2019,-2.464
Knox ,Kevin,2019,-1.416
Love ,Kevin,2014,-0.794
Love ,Kevin,2015,0.542
Love ,Kevin,2016,-0.287
Love ,Kevin,2017,0.247
Love ,Kevin,2018,-1.061
Love ,Kevin,2019,0.514
Martin ,Kevin,2014,-0.828
Martin ,Kevin,2015,-0.24
Martin ,Kevin,2016,-2.315
Seraphin ,Kevin,2014,0.557
Seraphin ,Kevin,2015,1.285
Seraphin ,Kevin,2016,2.03
Seraphin ,Kevin,2017,0.388
Looney ,Kevon,2016,-3.824
Looney ,Kevon,2017,4.628
Looney ,Kevon,2018,3.592
Looney ,Kevon,2019,2.72
Birch ,Khem,2018,0.95
Birch ,Khem,2019,1.634
Middleton ,Khris,2014,-0.323
Middleton ,Khris,2015,1.155
Middleton ,Khris,2016,0.171
Middleton ,Khris,2017,-0.01
Middleton ,Khris,2018,-0.758
Middleton ,Khris,2019,-0.189
Thomas ,Khyri,2019,0.185
Hinrich ,Kirk,2014,1.351
Hinrich ,Kirk,2015,-0.039
Hinrich ,Kirk,2016,0.177
Thompson ,Klay,2014,1.535
Thompson ,Klay,2015,0.63
Thompson ,Klay,2016,1.36
Thompson ,Klay,2017,1.501
Thompson ,Klay,2018,0.486
Thompson ,Klay,2019,0.805
Bryant ,Kobe,2014,3.99
Bryant ,Kobe,2015,-2.148
Bryant ,Kobe,2016,-0.922
Simmons ,Kobi,2018,-3.136
Simmons ,Kobi,2019,39.093
Koufos ,Kosta,2014,1.473
Koufos ,Kosta,2015,1.47
Koufos ,Kosta,2016,0.911
Koufos ,Kosta,2017,1.107
Koufos ,Kosta,2018,0.614
Koufos ,Kosta,2019,1.058
Antetokounmpo ,Kostas,2019,17.31
Papanikolaou ,Kostas,2015,0.369
Papanikolaou ,Kostas,2016,-0.143
Dunn ,Kris,2017,-0.876
Dunn ,Kris,2018,-0.437
Dunn ,Kris,2019,-0.422
Humphries ,Kris,2014,1.776
Humphries ,Kris,2015,0.548
Humphries ,Kris,2016,-0.482
Humphries ,Kris,2017,1.047
Porzingis ,Kristaps,2016,2.877
Porzingis ,Kristaps,2017,2.453
Porzingis ,Kristaps,2018,2.353
Anderson ,Kyle,2015,-2.251
Anderson ,Kyle,2016,-0.513
Anderson ,Kyle,2017,0.844
Anderson ,Kyle,2018,-0.551
Anderson ,Kyle,2019,1.501
Collinsworth ,Kyle,2018,-0.967
Korver ,Kyle,2014,-0.854
Korver ,Kyle,2015,0.895
Korver ,Kyle,2016,0.107
Korver ,Kyle,2017,-1.129
Korver ,Kyle,2018,0.51
Korver ,Kyle,2019,-2.295
Kuzma ,Kyle,2018,0.122
Kuzma ,Kyle,2019,-0.246
Lowry ,Kyle,2014,-0.077
Lowry ,Kyle,2015,-0.018
Lowry ,Kyle,2016,-0.341
Lowry ,Kyle,2017,-0.89
Lowry ,Kyle,2018,0.762
Lowry ,Kyle,2019,0.575
O'Quinn ,Kyle,2014,1.299
O'Quinn ,Kyle,2015,0.906
O'Quinn ,Kyle,2016,2.007
O'Quinn ,Kyle,2017,2.167
O'Quinn ,Kyle,2018,1.514
O'Quinn ,Kyle,2019,0.566
Singler ,Kyle,2014,-0.323
Singler ,Kyle,2015,-0.505
Singler ,Kyle,2016,-1.42
Singler ,Kyle,2017,0.166
Singler ,Kyle,2018,1.586
Wiltjer ,Kyle,2017,-3.432
Irving ,Kyrie,2014,-0.239
Irving ,Kyrie,2015,-1.046
Irving ,Kyrie,2016,-1.18
Irving ,Kyrie,2017,-1.262
Irving ,Kyrie,2018,-1.106
Irving ,Kyrie,2019,-1.011
Aldridge ,LaMarcus,2014,0.622
Aldridge ,LaMarcus,2015,1.172
Aldridge ,LaMarcus,2016,1.035
Aldridge ,LaMarcus,2017,1.5
Aldridge ,LaMarcus,2018,1.44
Aldridge ,LaMarcus,2019,1.818
Patterson ,Lamar,2016,-2.657
Patterson ,Lamar,2017,8.777
Stephenson ,Lance,2014,0.982
Stephenson ,Lance,2015,-1.387
Stephenson ,Lance,2016,-1.18
Stephenson ,Lance,2017,0.146
Stephenson ,Lance,2018,-1.574
Stephenson ,Lance,2019,-1.204
Thomas ,Lance,2014,-5.747
Thomas ,Lance,2015,-0.536
Thomas ,Lance,2016,0.727
Thomas ,Lance,2017,0.682
Thomas ,Lance,2018,0.752
Thomas ,Lance,2019,0.359
Fields ,Landry,2014,1.452
Fields ,Landry,2015,-1.307
Shamet ,Landry,2019,-0.047
Galloway ,Langston,2015,1.508
Galloway ,Langston,2016,1.221
Galloway ,Langston,2017,0.486
Galloway ,Langston,2018,-1.126
Galloway ,Langston,2019,0.242
Drew II,Larry,2015,-2.205
Drew II,Larry,2018,0.493
Nance Jr.,Larry,2016,-0.816
Nance Jr.,Larry,2017,-1.347
Nance Jr.,Larry,2018,-0.269
Nance Jr.,Larry,2019,0.235
Sanders ,Larry,2014,2.045
Sanders ,Larry,2015,1.132
Sanders ,Larry,2017,9.364
Markkanen ,Lauri,2018,-0.691
Markkanen ,Lauri,2019,-0.81
Allen ,Lavoy,2014,-0.609
Allen ,Lavoy,2015,0.681
Allen ,Lavoy,2016,0.273
Allen ,Lavoy,2017,0.667
James ,LeBron,2014,-0.665
James ,LeBron,2015,-0.885
James ,LeBron,2016,1.481
James ,LeBron,2017,0.788
James ,LeBron,2018,0.063
James ,LeBron,2019,0.402
Barbosa ,Leandro,2014,-1.122
Barbosa ,Leandro,2015,-1.814
Barbosa ,Leandro,2016,-2.01
Barbosa ,Leandro,2017,-1.766
Hudson ,Lester,2015,-1.338
Perrantes ,London,2018,-7.063
Walker IV,Lonnie,2019,4.743
Ball ,Lonzo,2018,1.393
Ball ,Lonzo,2019,1.001
Brown ,Lorenzo,2014,2.808
Brown ,Lorenzo,2015,-1.02
Brown ,Lorenzo,2016,-6.184
Brown ,Lorenzo,2018,2.921
Brown ,Lorenzo,2019,-0.036
Amundson ,Lou,2014,-0.656
Amundson ,Lou,2015,0.39
Amundson ,Lou,2016,2.712
Williams ,Lou,2014,-1.485
Williams ,Lou,2015,-0.948
Williams ,Lou,2016,1.104
Williams ,Lou,2017,-1.192
Williams ,Lou,2018,-0.582
Williams ,Lou,2019,-1.669
Mbah a,Luc,2014,-1.85
Mbah a,Luc,2015,1.506
Mbah a,Luc,2016,5.033
Mbah a,Luc,2017,1.93
Mbah a,Luc,2018,0.274
Mbah a,Luc,2019,5.398
Nogueira ,Lucas,2015,-13.792
Nogueira ,Lucas,2016,1.574
Nogueira ,Lucas,2017,0.749
Nogueira ,Lucas,2018,1.266
Montero ,Luis,2016,-10.704
Montero ,Luis,2018,19.753
Scola ,Luis,2014,0.694
Scola ,Luis,2015,-0.167
Scola ,Luis,2016,-1.006
Scola ,Luis,2017,-1.006
Doncic ,Luka,2019,-0.809
Babbitt ,Luke,2014,1.153
Babbitt ,Luke,2015,-1.226
Babbitt ,Luke,2016,-1.69
Babbitt ,Luke,2017,1.129
Babbitt ,Luke,2018,-1.501
Kennard ,Luke,2018,-1.156
Kennard ,Luke,2019,-1.213
Kornet ,Luke,2018,0.236
Kornet ,Luke,2019,2.745
Ridnour ,Luke,2014,-3.117
Ridnour ,Luke,2015,-0.255
Deng ,Luol,2014,-0.194
Deng ,Luol,2015,0.438
Deng ,Luol,2016,0.051
Deng ,Luol,2017,-0.575
Deng ,Luol,2018,6.049
Deng ,Luol,2019,3.414
Wayns ,Maalik,2014,-3.601
Richardson ,Malachi,2017,-0.571
Richardson ,Malachi,2018,-2.779
Richardson ,Malachi,2019,-7.629
Brogdon ,Malcolm,2017,-0.66
Brogdon ,Malcolm,2018,-0.536
Brogdon ,Malcolm,2019,0.878
Delaney ,Malcolm,2017,-1.712
Delaney ,Malcolm,2018,-0.074
Lee ,Malcolm,2015,-2.545
Miller ,Malcolm,2018,0.776
Miller ,Malcolm,2019,5.225
Thomas ,Malcolm,2014,5.359
Thomas ,Malcolm,2015,-3.48
Beasley ,Malik,2017,-0.056
Beasley ,Malik,2018,-1.039
Beasley ,Malik,2019,-1.877
Monk ,Malik,2018,-3.331
Monk ,Malik,2019,-1.982
Mathiang ,Mangok,2018,1.242
Harris ,Manny,2014,-3.506
Harris ,Manny,2017,-8.609
Ginobili ,Manu,2014,-0.116
Ginobili ,Manu,2015,-0.572
Ginobili ,Manu,2016,0.727
Ginobili ,Manu,2017,-0.448
Ginobili ,Manu,2018,1.156
Brooks ,MarShon,2014,-1.129
Brooks ,MarShon,2018,-1.432
Brooks ,MarShon,2019,-0.082
Gasol ,Marc,2014,0.221
Gasol ,Marc,2015,1.287
Gasol ,Marc,2016,0.955
Gasol ,Marc,2017,0.201
Gasol ,Marc,2018,0.739
Gasol ,Marc,2019,0.745
Huertas ,Marcelo,2016,-0.526
Huertas ,Marcelo,2017,-4.036
Gortat ,Marcin,2014,0.773
Gortat ,Marcin,2015,1.621
Gortat ,Marcin,2016,1.135
Gortat ,Marcin,2017,-0.322
Gortat ,Marcin,2018,0.818
Gortat ,Marcin,2019,2.002
Belinelli ,Marco,2014,-1.298
Belinelli ,Marco,2015,-1.671
Belinelli ,Marco,2016,-1.392
Belinelli ,Marco,2017,-1.136
Belinelli ,Marco,2018,-1.214
Belinelli ,Marco,2019,-0.55
Derrickson ,Marcus,2019,2.39
Georges-Hunt ,Marcus,2017,-11.244
Georges-Hunt ,Marcus,2018,-1.58
Morris ,Marcus,2014,-0.956
Morris ,Marcus,2015,-0.323
Morris ,Marcus,2016,0.327
Morris ,Marcus,2017,0.611
Morris ,Marcus,2018,0.492
Morris ,Marcus,2019,-0.326
Paige ,Marcus,2018,1.879
Smart ,Marcus,2015,-0.556
Smart ,Marcus,2016,-0.075
Smart ,Marcus,2017,0.112
Smart ,Marcus,2018,0.407
Smart ,Marcus,2019,-0.009
Thornton ,Marcus,2014,-1.177
Thornton ,Marcus,2015,0.259
Thornton ,Marcus,2016,-0.96
Thornton ,Marcus,2017,-0.413
Chalmers ,Mario,2014,-0.536
Chalmers ,Mario,2015,0.467
Chalmers ,Mario,2016,0.911
Chalmers ,Mario,2018,0.16
Hezonja ,Mario,2016,-1.085
Hezonja ,Mario,2017,-0.441
Hezonja ,Mario,2018,0.305
Hezonja ,Mario,2019,-1.215
Brown ,Markel,2015,-2.262
Brown ,Markel,2016,-2.832
Brown ,Markel,2018,1.038
Fultz ,Markelle,2018,1.773
Fultz ,Markelle,2019,0.805
Morris ,Markieff,2014,-0.506
Morris ,Markieff,2015,-0.346
Morris ,Markieff,2016,0.84
Morris ,Markieff,2017,-0.031
Morris ,Markieff,2018,0.388
Morris ,Markieff,2019,0.94
Chriss ,Marquese,2017,-1.726
Chriss ,Marquese,2018,0.515
Chriss ,Marquese,2019,-1.304
Teague ,Marquis,2014,1.69
Teague ,Marquis,2018,-4.348
Speights ,Marreese,2014,-0.254
Speights ,Marreese,2015,0.08
Speights ,Marreese,2016,1.117
Speights ,Marreese,2017,0.53
Speights ,Marreese,2018,0.663
Plumlee ,Marshall,2017,-0.746
Plumlee ,Marshall,2018,0.587
Webster ,Martell,2014,-0.437
Webster ,Martell,2015,-2.598
Bagley III,Marvin,2019,-0.296
Williams ,Marvin,2014,0.113
Williams ,Marvin,2015,0.907
Williams ,Marvin,2016,0.143
Williams ,Marvin,2017,0.71
Williams ,Marvin,2018,-0.292
Williams ,Marvin,2019,-1.219
Plumlee ,Mason,2014,-0.388
Plumlee ,Mason,2015,-1.098
Plumlee ,Mason,2016,-0.202
Plumlee ,Mason,2017,0.338
Plumlee ,Mason,2018,1.227
Plumlee ,Mason,2019,1.33
Barnes ,Matt,2014,1.175
Barnes ,Matt,2015,0.848
Barnes ,Matt,2016,-1.697
Barnes ,Matt,2017,-1.012
Bonner ,Matt,2014,0.904
Bonner ,Matt,2015,2.422
Bonner ,Matt,2016,1.449
Costello ,Matt,2018,-1.412
Williams Jr.,Matt,2018,10.469
Dellavedova ,Matthew,2014,-0.723
Dellavedova ,Matthew,2015,0.805
Dellavedova ,Matthew,2016,1.066
Dellavedova ,Matthew,2017,-0.207
Dellavedova ,Matthew,2018,-1.003
Dellavedova ,Matthew,2019,-0.097
Harkless ,Maurice,2014,0.429
Harkless ,Maurice,2015,-0.291
Harkless ,Maurice,2016,-0.421
Harkless ,Maurice,2017,2.093
Harkless ,Maurice,2018,1.173
Harkless ,Maurice,2019,0.66
Ndour ,Maurice,2017,4.18
Kleber ,Maxi,2018,-1.098
Kleber ,Maxi,2019,2.943
Ely ,Melvin,2014,2.36
Frazier Jr.,Melvin,2019,-2.99
World Peace,Metta,2014,-0.142
World Peace,Metta,2016,-0.361
World Peace,Metta,2017,-5.322
Leonard ,Meyers,2014,-1.644
Leonard ,Meyers,2015,2.491
Leonard ,Meyers,2016,0.671
Leonard ,Meyers,2017,0.128
Leonard ,Meyers,2018,-2.854
Leonard ,Meyers,2019,-2.307
Beasley ,Michael,2014,0.966
Beasley ,Michael,2015,1.291
Beasley ,Michael,2016,0.061
Beasley ,Michael,2017,-0.634
Beasley ,Michael,2018,-0.688
Beasley ,Michael,2019,-0.374
Carter-Williams ,Michael,2014,-0.835
Carter-Williams ,Michael,2015,-0.081
Carter-Williams ,Michael,2016,0.439
Carter-Williams ,Michael,2017,1.591
Carter-Williams ,Michael,2018,-0.301
Carter-Williams ,Michael,2019,0.175
Gbinije ,Michael,2017,-8.439
Kidd-Gilchrist ,Michael,2014,1.476
Kidd-Gilchrist ,Michael,2015,0.458
Kidd-Gilchrist ,Michael,2016,3.99
Kidd-Gilchrist ,Michael,2017,0.681
Kidd-Gilchrist ,Michael,2018,0.479
Kidd-Gilchrist ,Michael,2019,1.92
Bridges ,Mikal,2019,-0.979
Conley ,Mike,2014,0.316
Conley ,Mike,2015,-0.581
Conley ,Mike,2016,-0.634
Conley ,Mike,2017,1.077
Conley ,Mike,2018,2.417
Conley ,Mike,2019,0.381
Dunleavy ,Mike,2014,1.271
Dunleavy ,Mike,2015,0.992
Dunleavy ,Mike,2016,0.282
Dunleavy ,Mike,2017,1.38
Harris ,Mike,2014,1.41
James ,Mike,2018,2.014
L. James,Mike,2014,7.511
Miller ,Mike,2014,-1.382
Miller ,Mike,2015,0.778
Miller ,Mike,2016,0.14
Miller ,Mike,2017,-1.338
Muscala ,Mike,2014,-4.659
Muscala ,Mike,2015,-0.686
Muscala ,Mike,2016,-0.929
Muscala ,Mike,2017,0.53
Muscala ,Mike,2018,0.06
Muscala ,Mike,2019,0.635
Scott ,Mike,2014,-0.825
Scott ,Mike,2015,-0.203
Scott ,Mike,2016,0.109
Scott ,Mike,2017,-0.207
Scott ,Mike,2018,-0.362
Scott ,Mike,2019,-0.321
Tobey ,Mike,2017,6.756
Bridges ,Miles,2019,-1.346
Plumlee ,Miles,2014,1.323
Plumlee ,Miles,2015,-0.201
Plumlee ,Miles,2016,1.493
Plumlee ,Miles,2017,2.463
Plumlee ,Miles,2018,1.276
Plumlee ,Miles,2019,-0.706
Teodosic ,Milos,2018,-1.948
Teodosic ,Milos,2019,-4.553
Doyle ,Milton,2018,-0.55
Kuzminskas ,Mindaugas,2017,-3.297
Kuzminskas ,Mindaugas,2018,-2.494
Raduljica ,Miroslav,2014,1.576
Raduljica ,Miroslav,2015,-4.315
Teletovic ,Mirza,2014,0.568
Teletovic ,Mirza,2015,0.969
Teletovic ,Mirza,2016,-1.114
Teletovic ,Mirza,2017,-0.866
Teletovic ,Mirza,2018,-0.014
McGary ,Mitch,2015,-0.363
McGary ,Mitch,2016,0.347
Creek ,Mitchell,2019,3.03
Robinson ,Mitchell,2019,3.322
Bamba ,Mo,2019,0.148
Williams ,Mo,2014,-1.197
Williams ,Mo,2015,0.065
Williams ,Mo,2016,0.15
Ellis ,Monta,2014,-1.905
Ellis ,Monta,2015,0.605
Ellis ,Monta,2016,0.721
Ellis ,Monta,2017,-0.648
Morris ,Monte,2018,5.451
Morris ,Monte,2019,-0.616
Harrell ,Montrezl,2016,0.909
Harrell ,Montrezl,2017,1.49
Harrell ,Montrezl,2018,0.882
Harrell ,Montrezl,2019,1.821
Wagner ,Moritz,2019,1.423
Shakur ,Mustafa,2014,7.322
Henry ,Myke,2018,-1.522
Turner ,Myles,2016,1.693
Turner ,Myles,2017,1.761
Turner ,Myles,2018,0.945
Turner ,Myles,2019,2.434
De Colo,Nando,2014,-1.075
Robinson ,Nate,2014,-0.069
Robinson ,Nate,2015,2.559
Robinson ,Nate,2016,7.592
Wolters ,Nate,2014,-0.439
Wolters ,Nate,2015,0.921
Wolters ,Nate,2018,-2.97
Mitrou-Long ,Naz,2018,-2.494
Mitrou-Long ,Naz,2019,1.096
Mohammed ,Nazr,2014,1.478
Mohammed ,Nazr,2015,5.408
Mohammed ,Nazr,2016,-0.837
Bjelica ,Nemanja,2016,-0.011
Bjelica ,Nemanja,2017,1.524
Bjelica ,Nemanja,2018,0.909
Bjelica ,Nemanja,2019,1.758
Nedovic ,Nemanja,2014,1.524
 ,Nene,2014,0.016
 ,Nene,2015,-0.252
 ,Nene,2016,-0.737
 ,Nene,2017,-0.545
 ,Nene,2018,1.874
 ,Nene,2019,0.232
Noel ,Nerlens,2015,0.143
Noel ,Nerlens,2016,0.228
Noel ,Nerlens,2017,0.147
Noel ,Nerlens,2018,0.124
Noel ,Nerlens,2019,2.149
Calathes ,Nick,2014,3.46
Calathes ,Nick,2015,2.387
Collison ,Nick,2014,1.165
Collison ,Nick,2015,-0.439
Collison ,Nick,2016,0.991
Collison ,Nick,2017,2.121
Collison ,Nick,2018,-0.408
Johnson ,Nick,2015,1.113
Young ,Nick,2014,-0.405
Young ,Nick,2015,1.013
Young ,Nick,2016,-2.688
Young ,Nick,2017,-2.584
Young ,Nick,2018,-1.223
Young ,Nick,2019,-9.167
Batum ,Nicolas,2014,0.271
Batum ,Nicolas,2015,0.378
Batum ,Nicolas,2016,-0.601
Batum ,Nicolas,2017,-0.422
Batum ,Nicolas,2018,-1.377
Batum ,Nicolas,2019,0.617
Brussino ,Nicolas,2017,-3.109
Brussino ,Nicolas,2018,4.958
Laprovittola ,Nicolas,2017,0.263
Hayes ,Nigel,2018,2.448
Stauskas ,Nik,2015,0.192
Stauskas ,Nik,2016,0.037
Stauskas ,Nik,2017,-1.078
Stauskas ,Nik,2018,1.207
Stauskas ,Nik,2019,-2.229
Jokic ,Nikola,2016,0.805
Jokic ,Nikola,2017,-1.158
Jokic ,Nikola,2018,-1.756
Jokic ,Nikola,2019,0.872
Mirotic ,Nikola,2015,0.577
Mirotic ,Nikola,2016,0.318
Mirotic ,Nikola,2017,1.157
Mirotic ,Nikola,2018,0.351
Mirotic ,Nikola,2019,0.395
Pekovic ,Nikola,2014,-0.405
Pekovic ,Nikola,2015,-0.533
Pekovic ,Nikola,2016,-1.017
Vucevic ,Nikola,2014,-0.153
Vucevic ,Nikola,2015,-0.505
Vucevic ,Nikola,2016,0.538
Vucevic ,Nikola,2017,0.818
Vucevic ,Nikola,2018,-1.015
Vucevic ,Nikola,2019,0.935
Vonleh ,Noah,2015,-0.23
Vonleh ,Noah,2016,0.304
Vonleh ,Noah,2017,1.646
Vonleh ,Noah,2018,-0.163
Vonleh ,Noah,2019,0.082
Powell ,Norman,2016,-0.335
Powell ,Norman,2017,-1.757
Powell ,Norman,2018,-0.684
Powell ,Norman,2019,0.708
Cole ,Norris,2014,-1.526
Cole ,Norris,2015,0.432
Cole ,Norris,2016,-2.093
Cole ,Norris,2017,-0.464
Mayo ,O.J.,2014,1.29
Mayo ,O.J.,2015,1.956
Mayo ,O.J.,2016,0.743
Anunoby ,OG,2018,0.062
Anunoby ,OG,2019,-0.05
Kuzmic ,Ognjen,2014,-3.171
Kuzmic ,Ognjen,2015,-4.001
White ,Okaro,2017,-0.159
White ,Okaro,2018,0.008
White ,Okaro,2019,11.944
Johnson ,Omari,2018,-5.996
Spellman ,Omari,2019,1.695
Asik ,Omer,2014,1.054
Asik ,Omer,2015,-0.305
Asik ,Omer,2016,-0.026
Asik ,Omer,2017,-0.962
Asik ,Omer,2018,2.235
Casspi ,Omri,2014,1.599
Casspi ,Omri,2015,-1.776
Casspi ,Omri,2016,-1.12
Casspi ,Omri,2017,-2
Casspi ,Omri,2018,1.57
Casspi ,Omri,2019,1.847
Johnson ,Orlando,2014,1.348
Johnson ,Orlando,2016,-3.933
Jeffers ,Othyus,2014,6.566
Porter Jr.,Otto,2014,-1.297
Porter Jr.,Otto,2015,1.239
Porter Jr.,Otto,2016,-1.844
Porter Jr.,Otto,2017,-1.11
Porter Jr.,Otto,2018,-1.605
Porter Jr.,Otto,2019,-1.139
Dozier ,PJ,2018,16.629
Dozier ,PJ,2019,-8.811
Hairston ,PJ,2015,-1.245
Hairston ,PJ,2016,-0.695
Tucker ,PJ,2014,-0.083
Tucker ,PJ,2015,0.447
Tucker ,PJ,2016,0.34
Tucker ,PJ,2017,-0.295
Tucker ,PJ,2018,-0.865
Tucker ,PJ,2019,0.845
Prigioni ,Pablo,2014,-1.426
Prigioni ,Pablo,2015,-2.162
Prigioni ,Pablo,2016,-2.334
Siakam ,Pascal,2017,-0.781
Siakam ,Pascal,2018,0.207
Siakam ,Pascal,2019,1.646
Connaughton ,Pat,2016,5.585
Connaughton ,Pat,2017,0.969
Connaughton ,Pat,2018,2.262
Connaughton ,Pat,2019,1.904
Garino ,Patricio,2017,-6.165
Beverley ,Patrick,2014,0.051
Beverley ,Patrick,2015,-0.278
Beverley ,Patrick,2016,0.525
Beverley ,Patrick,2017,-0.411
Beverley ,Patrick,2018,-2.872
Beverley ,Patrick,2019,1.247
Christopher ,Patrick,2015,-15.534
McCaw ,Patrick,2017,-2.133
McCaw ,Patrick,2018,-0.58
McCaw ,Patrick,2019,-2.539
Patterson ,Patrick,2014,0.357
Patterson ,Patrick,2015,-0.421
Patterson ,Patrick,2016,0.756
Patterson ,Patrick,2017,2.241
Patterson ,Patrick,2018,-0.398
Patterson ,Patrick,2019,-0.153
Mills ,Patty,2014,0.919
Mills ,Patty,2015,0.297
Mills ,Patty,2016,-1.001
Mills ,Patty,2017,-0.869
Mills ,Patty,2018,-0.869
Mills ,Patty,2019,-0.961
Gasol ,Pau,2014,0.475
Gasol ,Pau,2015,1.714
Gasol ,Pau,2016,2.315
Gasol ,Pau,2017,0.706
Gasol ,Pau,2018,1.552
Gasol ,Pau,2019,0.478
George ,Paul,2014,1.669
George ,Paul,2015,3.057
George ,Paul,2016,1.005
George ,Paul,2017,-0.102
George ,Paul,2018,-1.223
George ,Paul,2019,0.092
Millsap ,Paul,2014,0.427
Millsap ,Paul,2015,-0.525
Millsap ,Paul,2016,0.794
Millsap ,Paul,2017,-0.186
Millsap ,Paul,2018,2.444
Millsap ,Paul,2019,0.59
Pierce ,Paul,2014,-0.158
Pierce ,Paul,2015,0.783
Pierce ,Paul,2016,0.982
Pierce ,Paul,2017,2.692
Zipser ,Paul,2017,0.469
Zipser ,Paul,2018,-1.717
Antic ,Pero,2014,-0.899
Antic ,Pero,2015,0.62
Jones III,Perry,2014,3.308
Jones III,Perry,2015,-0.969
Siva ,Peyton,2014,-0.058
Pressey ,Phil,2014,-0.813
Pressey ,Phil,2015,-1.017
Pressey ,Phil,2016,0.024
Jackson ,Pierre,2017,3.304
Acy ,Quincy,2014,1.923
Acy ,Quincy,2015,1.282
Acy ,Quincy,2016,-0.524
Acy ,Quincy,2017,1.415
Acy ,Quincy,2018,-0.373
Acy ,Quincy,2019,0.741
Miller ,Quincy,2014,1.594
Miller ,Quincy,2015,3.752
Pondexter ,Quincy,2014,-0.133
Pondexter ,Quincy,2015,-0.069
Pondexter ,Quincy,2018,-0.868
Pondexter ,Quincy,2019,3.339
Cook ,Quinn,2017,-3.637
Cook ,Quinn,2018,-1.871
Cook ,Quinn,2019,-2.105
Hunter ,RJ,2016,-0.881
Hunter ,RJ,2017,-5.859
Hunter ,RJ,2018,8.815
Hunter ,RJ,2019,6.851
Rondo ,Rajon,2014,-3.713
Rondo ,Rajon,2015,-0.667
Rondo ,Rajon,2016,-1.339
Rondo ,Rajon,2017,-1.255
Rondo ,Rajon,2018,-1.793
Rondo ,Rajon,2019,-1.788
Christmas ,Rakeem,2016,-2.534
Christmas ,Rakeem,2017,-0.034
Sessions ,Ramon,2014,-1.128
Sessions ,Ramon,2015,1.016
Sessions ,Ramon,2016,-1.575
Sessions ,Ramon,2017,-0.119
Sessions ,Ramon,2018,-0.451
Foye ,Randy,2014,-0.495
Foye ,Randy,2015,-2.152
Foye ,Randy,2016,0.784
Foye ,Randy,2017,0.012
Vaughn ,Rashad,2016,-1.894
Vaughn ,Rashad,2017,-1.204
Vaughn ,Rashad,2018,2.15
Lewis ,Rashard,2014,0.167
Butler ,Rasual,2014,-0.706
Butler ,Rasual,2015,0.415
Butler ,Rasual,2016,1.882
Neto ,Raul,2016,-0.591
Neto ,Raul,2017,3.354
Neto ,Raul,2018,3.326
Neto ,Raul,2019,-0.204
Alkins ,Rawle,2019,-0.124
Allen ,Ray,2014,-1.618
McCallum ,Ray,2014,1.964
McCallum ,Ray,2015,-1.979
McCallum ,Ray,2016,-0.566
Spalding ,Ray,2019,-0.709
Felton ,Raymond,2014,0.322
Felton ,Raymond,2015,1.453
Felton ,Raymond,2016,1.38
Felton ,Raymond,2017,1.125
Felton ,Raymond,2018,0.683
Felton ,Raymond,2019,1.57
Bullock ,Reggie,2014,1.814
Bullock ,Reggie,2015,3.385
Bullock ,Reggie,2016,0.091
Bullock ,Reggie,2017,0.939
Bullock ,Reggie,2018,-0.356
Bullock ,Reggie,2019,-0.86
Evans ,Reggie,2014,-2.437
Evans ,Reggie,2015,-2.614
Hearn ,Reggie,2018,10.297
Jackson ,Reggie,2014,0.874
Jackson ,Reggie,2015,-0.674
Jackson ,Reggie,2016,-0.977
Jackson ,Reggie,2017,-1.133
Jackson ,Reggie,2018,-0.75
Jackson ,Reggie,2019,-1.822
Williams ,Reggie,2014,0.764
Williams ,Reggie,2015,-2.488
Williams ,Reggie,2017,-3.615
Jefferson ,Richard,2014,-1.85
Jefferson ,Richard,2015,-0.032
Jefferson ,Richard,2016,0.523
Jefferson ,Richard,2017,0.652
Jefferson ,Richard,2018,-3.461
Holmes ,Richaun,2016,-0.703
Holmes ,Richaun,2017,-0.596
Holmes ,Richaun,2018,0.738
Holmes ,Richaun,2019,2.543
Ledo ,Ricky,2014,7.923
Ledo ,Ricky,2015,-0.979
Rubio ,Ricky,2014,-1.316
Rubio ,Ricky,2015,1.062
Rubio ,Ricky,2016,-1.032
Rubio ,Ricky,2017,-0.481
Rubio ,Ricky,2018,-1.266
Rubio ,Ricky,2019,-1.439
Hummel ,Robbie,2014,-1.008
Hummel ,Robbie,2015,1.123
Covington ,Robert,2014,3.059
Covington ,Robert,2015,-1.028
Covington ,Robert,2016,-0.028
Covington ,Robert,2017,0.701
Covington ,Robert,2018,-0.411
Covington ,Robert,2019,0.686
Sacre ,Robert,2014,-0.495
Sacre ,Robert,2015,-0.61
Sacre ,Robert,2016,-0.608
Williams III,Robert,2019,2.9
Lopez ,Robin,2014,2.446
Lopez ,Robin,2015,1.426
Lopez ,Robin,2016,0.925
Lopez ,Robin,2017,0.695
Lopez ,Robin,2018,0.499
Lopez ,Robin,2019,2.351
Kurucs ,Rodions,2019,0.278
Hood ,Rodney,2015,-0.781
Hood ,Rodney,2016,-0.111
Hood ,Rodney,2017,-0.623
Hood ,Rodney,2018,-2.085
Hood ,Rodney,2019,0.122
McGruder ,Rodney,2017,-1.232
McGruder ,Rodney,2018,-1.483
McGruder ,Rodney,2019,0.025
Purvis ,Rodney,2018,1.51
Stuckey ,Rodney,2014,-1.788
Stuckey ,Rodney,2015,-0.225
Stuckey ,Rodney,2016,-0.404
Stuckey ,Rodney,2017,1.055
Mason Jr.,Roger,2014,2.114
Baker ,Ron,2017,1.513
Baker ,Ron,2018,0.061
Baker ,Ron,2019,2.018
Hollis-Jefferson ,Rondae,2016,0.286
Hollis-Jefferson ,Rondae,2017,0.63
Hollis-Jefferson ,Rondae,2018,-0.135
Hollis-Jefferson ,Rondae,2019,0.112
Brewer ,Ronnie,2014,-0.283
Price ,Ronnie,2014,-0.156
Price ,Ronnie,2015,-1.805
Price ,Ronnie,2016,-0.416
Price ,Ronnie,2017,-1.998
Turiaf ,Ronny,2014,2.607
Turiaf ,Ronny,2015,-14.086
Hibbert ,Roy,2014,3.025
Hibbert ,Roy,2015,2.444
Hibbert ,Roy,2016,0.062
Hibbert ,Roy,2017,1.129
Ivey ,Royal,2014,32.006
O'Neale ,Royce,2018,1.12
O'Neale ,Royce,2019,0.752
White ,Royce,2014,-8.777
Gay ,Rudy,2014,-0.423
Gay ,Rudy,2015,0.063
Gay ,Rudy,2016,-0.077
Gay ,Rudy,2017,0.252
Gay ,Rudy,2018,1.162
Gay ,Rudy,2019,0.693
Gobert ,Rudy,2014,0.895
Gobert ,Rudy,2015,2.021
Gobert ,Rudy,2016,1.28
Gobert ,Rudy,2017,3.387
Gobert ,Rudy,2018,2.175
Gobert ,Rudy,2019,2.818
Smith ,Russ,2015,2.591
Smith ,Russ,2016,-6.16
Westbrook ,Russell,2014,-0.984
Westbrook ,Russell,2015,-1.614
Westbrook ,Russell,2016,-0.594
Westbrook ,Russell,2017,-1.822
Westbrook ,Russell,2018,-0.573
Westbrook ,Russell,2019,-0.837
Anderson ,Ryan,2014,-1.045
Anderson ,Ryan,2015,-0.725
Anderson ,Ryan,2016,0.083
Anderson ,Ryan,2017,-1.111
Anderson ,Ryan,2018,0.281
Anderson ,Ryan,2019,-2.026
Arcidiacono ,Ryan,2018,0.016
Arcidiacono ,Ryan,2019,-0.245
Broekhoff ,Ryan,2019,-1.164
Gomes ,Ryan,2014,-2.448
Hollins ,Ryan,2014,3.247
Hollins ,Ryan,2015,-0.491
Hollins ,Ryan,2016,-0.957
Kelly ,Ryan,2014,-0.065
Kelly ,Ryan,2015,1.641
Kelly ,Ryan,2016,1.408
Kelly ,Ryan,2017,-1.799
Mejri ,Salah,2016,1.952
Mejri ,Salah,2017,-0.481
Mejri ,Salah,2018,1.406
Mejri ,Salah,2019,0.752
Dekker ,Sam,2016,6.823
Dekker ,Sam,2017,0.762
Dekker ,Sam,2018,-0.255
Dekker ,Sam,2019,-1.504
Dalembert ,Samuel,2014,0.561
Dalembert ,Samuel,2015,2.46
Kaun ,Sasha,2016,1.009
Vujacic ,Sasha,2014,-1.401
Vujacic ,Sasha,2016,-0.95
Vujacic ,Sasha,2017,-1.763
Machado ,Scott,2019,4.654
Hopson ,Scotty,2014,-9.24
Hopson ,Scotty,2018,3.885
Kilpatrick ,Sean,2015,-3.974
Kilpatrick ,Sean,2016,-2.942
Kilpatrick ,Sean,2017,-2.128
Kilpatrick ,Sean,2018,-2.934
Telfair ,Sebastian,2015,-0.998
Christon ,Semaj,2017,-1.677
Ojeleye ,Semi,2018,0.433
Ojeleye ,Semi,2019,0.287
Ibaka ,Serge,2014,2.548
Ibaka ,Serge,2015,3.177
Ibaka ,Serge,2016,0.889
Ibaka ,Serge,2017,0.277
Ibaka ,Serge,2018,-0.145
Ibaka ,Serge,2019,2.626
Karasev ,Sergey,2014,-4.059
Karasev ,Sergey,2015,-0.6
Karasev ,Sergey,2016,-0.203
Rodriguez ,Sergio,2017,-2.502
Curry ,Seth,2014,7.264
Curry ,Seth,2015,-1.384
Curry ,Seth,2016,-2.251
Curry ,Seth,2017,1.042
Curry ,Seth,2019,1.031
Muhammad ,Shabazz,2014,3.177
Muhammad ,Shabazz,2015,-0.572
Muhammad ,Shabazz,2016,-2.099
Muhammad ,Shabazz,2017,-1.769
Muhammad ,Shabazz,2018,-1.649
Napier ,Shabazz,2015,-3.288
Napier ,Shabazz,2016,-0.642
Napier ,Shabazz,2017,-2.435
Napier ,Shabazz,2018,0.354
Napier ,Shabazz,2019,1.92
Gilgeous-Alexander ,Shai,2019,0.869
Milton ,Shake,2019,-0.021
Battier ,Shane,2014,-0.026
Edwards ,Shane,2014,9.949
Larkin ,Shane,2014,0.32
Larkin ,Shane,2015,-0.414
Larkin ,Shane,2016,-0.316
Larkin ,Shane,2018,-1.423
Brown ,Shannon,2014,0.021
Brown ,Shannon,2015,-2.776
Harrison ,Shaquille,2018,1.557
Harrison ,Shaquille,2019,0.88
Livingston ,Shaun,2014,1.625
Livingston ,Shaun,2015,2.168
Livingston ,Shaun,2016,0.587
Livingston ,Shaun,2017,-0.204
Livingston ,Shaun,2018,-0.114
Livingston ,Shaun,2019,0.077
Randolph ,Shavlik,2014,4.928
Randolph ,Shavlik,2015,-1.251
Long ,Shawn,2017,0.324
Marion ,Shawn,2014,0.708
Marion ,Shawn,2015,1.217
Williams ,Shawne,2014,0.195
Williams ,Shawne,2015,-1.738
Whittington ,Shayne,2015,-6.275
Whittington ,Shayne,2016,-1.755
Mac ,Sheldon,2017,-3.166
Mack ,Shelvin,2014,0.284
Mack ,Shelvin,2015,-1.535
Mack ,Shelvin,2016,0.819
Mack ,Shelvin,2017,0.891
Mack ,Shelvin,2018,-1.868
Mack ,Shelvin,2019,-1.693
Bhullar ,Sim,2015,2.562
Thornwell ,Sindarius,2018,0.648
Thornwell ,Sindarius,2019,1.059
Labissiere ,Skal,2017,0.728
Labissiere ,Skal,2018,-0.073
Labissiere ,Skal,2019,-0.313
Hill ,Solomon,2014,2.412
Hill ,Solomon,2015,0.165
Hill ,Solomon,2016,1.805
Hill ,Solomon,2017,0.73
Hill ,Solomon,2018,-1.832
Hill ,Solomon,2019,2.451
Jones ,Solomon,2014,-1.213
Weems ,Sonny,2016,-3.219
Dinwiddie ,Spencer,2015,-1.02
Dinwiddie ,Spencer,2016,-0.403
Dinwiddie ,Spencer,2017,-0.751
Dinwiddie ,Spencer,2018,0.149
Dinwiddie ,Spencer,2019,0.767
Hawes ,Spencer,2014,1.343
Hawes ,Spencer,2015,0.72
Hawes ,Spencer,2016,0.332
Hawes ,Spencer,2017,-0.242
Johnson ,Stanley,2016,-0.409
Johnson ,Stanley,2017,0.052
Johnson ,Stanley,2018,-0.108
Johnson ,Stanley,2019,-0.54
Curry ,Stephen,2014,0.556
Curry ,Stephen,2015,0.445
Curry ,Stephen,2016,1.516
Curry ,Stephen,2017,-0.273
Curry ,Stephen,2018,-0.479
Curry ,Stephen,2019,-0.416
Jackson ,Stephen,2014,1.238
Zimmerman ,Stephen,2017,-1.026
Brown ,Sterling,2018,-1.225
Brown ,Sterling,2019,-0.295
Blake ,Steve,2014,0.043
Blake ,Steve,2015,0.119
Blake ,Steve,2016,0.514
Nash ,Steve,2014,-2.319
Novak ,Steve,2014,0.175
Novak ,Steve,2015,-4.828
Novak ,Steve,2016,2.134
Novak ,Steve,2017,-1.139
Adams ,Steven,2014,0.236
Adams ,Steven,2015,1.306
Adams ,Steven,2016,2.428
Adams ,Steven,2017,0.346
Adams ,Steven,2018,1.208
Adams ,Steven,2019,0.777
Mykhailiuk ,Svi,2019,-0.309
McConnell ,T.J.,2016,-1.598
McConnell ,T.J.,2017,-0.761
McConnell ,T.J.,2018,1.577
McConnell ,T.J.,2019,0.619
Warren ,T.J.,2015,-0.064
Warren ,T.J.,2016,-0.708
Warren ,T.J.,2017,-0.121
Warren ,T.J.,2018,0.065
Warren ,T.J.,2019,-2.267
Leaf ,TJ,2018,-1.355
Leaf ,TJ,2019,4.606
McCall ,Tahjere,2019,4.5
Gibson ,Taj,2014,2.362
Gibson ,Taj,2015,2.505
Gibson ,Taj,2016,1.072
Gibson ,Taj,2017,0.649
Gibson ,Taj,2018,-0.151
Gibson ,Taj,2019,-0.474
Black ,Tarik,2015,-1.316
Black ,Tarik,2016,1.997
Black ,Tarik,2017,1.897
Black ,Tarik,2018,2.218
Prince ,Taurean,2017,-0.334
Prince ,Taurean,2018,-0.402
Prince ,Taurean,2019,-1.144
Prince ,Tayshaun,2014,0.597
Prince ,Tayshaun,2015,-0.325
Prince ,Tayshaun,2016,0.081
Ferguson ,Terrance,2018,-0.032
Ferguson ,Terrance,2019,-0.331
Jones ,Terrence,2014,0.492
Jones ,Terrence,2015,1.395
Jones ,Terrence,2016,-2.237
Jones ,Terrence,2017,-0.404
Jones ,Terrence,2019,-8.174
Ross ,Terrence,2014,1.094
Ross ,Terrence,2015,-0.521
Ross ,Terrence,2016,1.414
Ross ,Terrence,2017,-1.401
Ross ,Terrence,2018,1.54
Ross ,Terrence,2019,-1.143
Rozier ,Terry,2016,-1.491
Rozier ,Terry,2017,-0.867
Rozier ,Terry,2018,0.563
Rozier ,Terry,2019,0.298
Sefolosha ,Thabo,2014,1.104
Sefolosha ,Thabo,2015,1.655
Sefolosha ,Thabo,2016,1.464
Sefolosha ,Thabo,2017,-0.018
Sefolosha ,Thabo,2018,-0.123
Sefolosha ,Thabo,2019,1.674
Young ,Thaddeus,2014,-1.635
Young ,Thaddeus,2015,-0.648
Young ,Thaddeus,2016,-0.46
Young ,Thaddeus,2017,1.119
Young ,Thaddeus,2018,0.514
Young ,Thaddeus,2019,-0.077
Antetokounmpo ,Thanasis,2016,-2.534
Pinson ,Theo,2019,2.207
Bryant ,Thomas,2018,-4.072
Bryant ,Thomas,2019,0.166
Robinson ,Thomas,2014,-0.68
Robinson ,Thomas,2015,0.105
Robinson ,Thomas,2016,-0.387
Robinson ,Thomas,2017,-3.135
Welsh ,Thomas,2019,1.13
Maker ,Thon,2017,2.237
Maker ,Thon,2018,-0.244
Maker ,Thon,2019,1.109
Splitter ,Tiago,2014,2.273
Splitter ,Tiago,2015,1.693
Splitter ,Tiago,2016,0.51
Splitter ,Tiago,2017,-1.616
Pleiss ,Tibor,2016,-0.583
Duncan ,Tim,2014,1.832
Duncan ,Tim,2015,2.237
Duncan ,Tim,2016,2.756
Frazier ,Tim,2015,-0.63
Frazier ,Tim,2016,-0.22
Frazier ,Tim,2017,1.144
Frazier ,Tim,2018,-2.149
Frazier ,Tim,2019,-3.009
Hardaway Jr.,Tim,2014,-2.279
Hardaway Jr.,Tim,2015,-1.903
Hardaway Jr.,Tim,2016,1.98
Hardaway Jr.,Tim,2017,1.03
Hardaway Jr.,Tim,2018,-0.174
Hardaway Jr.,Tim,2019,-1.16
Quarterman ,Tim,2017,5.787
Quarterman ,Tim,2018,-3.433
Mozgov ,Timofey,2014,1.507
Mozgov ,Timofey,2015,1.418
Mozgov ,Timofey,2016,2.31
Mozgov ,Timofey,2017,1.165
Mozgov ,Timofey,2018,1.33
Luwawu-Cabarrot ,Timothe,2017,0.893
Luwawu-Cabarrot ,Timothe,2018,0.367
Luwawu-Cabarrot ,Timothe,2019,-1.803
Harris ,Tobias,2014,-0.38
Harris ,Tobias,2015,-0.035
Harris ,Tobias,2016,-0.814
Harris ,Tobias,2017,-0.271
Harris ,Tobias,2018,-0.162
Harris ,Tobias,2019,-0.238
Satoransky ,Tomas,2017,1.3
Satoransky ,Tomas,2018,0.593
Satoransky ,Tomas,2019,-1.071
Douglas ,Toney,2014,-2.017
Douglas ,Toney,2015,0.036
Douglas ,Toney,2016,-1.319
Douglas ,Toney,2017,-1.733
Allen ,Tony,2014,2.335
Allen ,Tony,2015,2.294
Allen ,Tony,2016,0.111
Allen ,Tony,2017,-0.136
Allen ,Tony,2018,-0.63
Bradley ,Tony,2018,-6.368
Bradley ,Tony,2019,0.074
L. Mitchell,Tony,2014,-6.197
Mitchell ,Tony,2014,14.916
Parker ,Tony,2014,0.181
Parker ,Tony,2015,-0.296
Parker ,Tony,2016,-0.327
Parker ,Tony,2017,-1.731
Parker ,Tony,2018,-1.137
Parker ,Tony,2019,-0.846
Snell ,Tony,2014,-1.061
Snell ,Tony,2015,0.907
Snell ,Tony,2016,2.015
Snell ,Tony,2017,-0.713
Snell ,Tony,2018,-1.11
Snell ,Tony,2019,0.11
Wroten ,Tony,2014,-0.626
Wroten ,Tony,2015,-1.687
Wroten ,Tony,2016,-4.221
Shengelia ,Tornike,2014,2.035
Craig ,Torrey,2018,1.509
Craig ,Torrey,2019,2.328
Murry ,Toure',2014,1.869
Murry ,Toure',2015,0.111
Young ,Trae,2019,-1.829
Outlaw ,Travis,2014,-0.316
Wear ,Travis,2015,0.042
Wear ,Travis,2018,3.336
Graham ,Treveon,2017,0.24
Graham ,Treveon,2018,-0.313
Graham ,Treveon,2019,1.143
Duval ,Trevon,2019,-17.483
Ariza ,Trevor,2014,-0.583
Ariza ,Trevor,2015,-1.423
Ariza ,Trevor,2016,-0.492
Ariza ,Trevor,2017,-0.954
Ariza ,Trevor,2018,-1.198
Ariza ,Trevor,2019,-3.245
Booker ,Trevor,2014,0.133
Booker ,Trevor,2015,1.863
Booker ,Trevor,2016,0.61
Booker ,Trevor,2017,0.396
Booker ,Trevor,2018,0.72
Burke ,Trey,2014,-0.384
Burke ,Trey,2015,-0.571
Burke ,Trey,2016,-1.048
Burke ,Trey,2017,-1.242
Burke ,Trey,2018,0.804
Burke ,Trey,2019,0.575
Lyles ,Trey,2016,-0.382
Lyles ,Trey,2017,0.379
Lyles ,Trey,2018,0.722
Lyles ,Trey,2019,0.645
McKinney-Jones ,Trey,2018,-2.494
Thompson ,Tristan,2014,-0.489
Thompson ,Tristan,2015,0.651
Thompson ,Tristan,2016,0.874
Thompson ,Tristan,2017,1.198
Thompson ,Tristan,2018,-0.82
Thompson ,Tristan,2019,-0.254
Brown Jr.,Troy,2019,-0.494
Caupain ,Troy,2019,7.822
Daniels ,Troy,2014,-4.136
Daniels ,Troy,2015,0.623
Daniels ,Troy,2016,1.12
Daniels ,Troy,2017,0.025
Daniels ,Troy,2018,-1.158
Daniels ,Troy,2019,-2.573
Williams ,Troy,2017,1.543
Williams ,Troy,2018,0.636
Williams ,Troy,2019,-2.143
Lawson ,Ty,2014,-1.556
Lawson ,Ty,2015,-1.412
Lawson ,Ty,2016,-0.32
Lawson ,Ty,2017,-1.884
Lawson ,Ty,2018,1.439
Cavanaugh ,Tyler,2018,-3.31
Cavanaugh ,Tyler,2019,-0.573
Davis ,Tyler,2019,57.393
Dorsey ,Tyler,2018,-1.093
Dorsey ,Tyler,2019,-2.842
Ennis ,Tyler,2015,2.189
Ennis ,Tyler,2016,0.025
Ennis ,Tyler,2017,0.561
Ennis ,Tyler,2018,0.76
Hansbrough ,Tyler,2014,-1
Hansbrough ,Tyler,2015,-1.209
Hansbrough ,Tyler,2016,-1.773
Johnson ,Tyler,2015,1.217
Johnson ,Tyler,2016,0.848
Johnson ,Tyler,2017,0.628
Johnson ,Tyler,2018,-0.168
Johnson ,Tyler,2019,-0.168
Lydon ,Tyler,2018,-8.818
Lydon ,Tyler,2019,-5.004
Ulis ,Tyler,2017,-1.998
Ulis ,Tyler,2018,-0.964
Ulis ,Tyler,2019,61.776
Zeller ,Tyler,2014,0.988
Zeller ,Tyler,2015,1.19
Zeller ,Tyler,2016,0.947
Zeller ,Tyler,2017,1.838
Zeller ,Tyler,2018,0.375
Zeller ,Tyler,2019,5.458
Evans ,Tyreke,2014,-0.3
Evans ,Tyreke,2015,-0.323
Evans ,Tyreke,2016,-3.24
Evans ,Tyreke,2017,-1.162
Evans ,Tyreke,2018,0.33
Evans ,Tyreke,2019,0.351
Wallace ,Tyrone,2018,0.019
Wallace ,Tyrone,2019,1.652
Thomas ,Tyrus,2015,13.055
Taylor ,Tyshawn,2014,-1.885
Chandler ,Tyson,2014,0.082
Chandler ,Tyson,2015,0.205
Chandler ,Tyson,2016,-1.433
Chandler ,Tyson,2017,-0.323
Chandler ,Tyson,2018,-0.104
Chandler ,Tyson,2019,1.517
Jones ,Tyus,2016,-3.41
Jones ,Tyus,2017,-0.964
Jones ,Tyus,2018,-0.909
Jones ,Tyus,2019,-1.793
Haslem ,Udonis,2014,-1.908
Haslem ,Udonis,2015,-2.19
Haslem ,Udonis,2016,-3.004
Haslem ,Udonis,2017,-2.276
Haslem ,Udonis,2018,5.152
Haslem ,Udonis,2019,5.89
Blue ,Vander,2014,5.36
Blue ,Vander,2015,1.38
Blue ,Vander,2018,-1.585
Kravtsov ,Viacheslav,2014,-2.466
Claver ,Victor,2014,6.257
Claver ,Victor,2015,-1.681
Oladipo ,Victor,2014,1.711
Oladipo ,Victor,2015,-1.757
Oladipo ,Victor,2016,0.172
Oladipo ,Victor,2017,-0.959
Oladipo ,Victor,2018,0.1
Oladipo ,Victor,2019,-1.842
Carter ,Vince,2014,0.871
Carter ,Vince,2015,-0.3
Carter ,Vince,2016,-1.204
Carter ,Vince,2017,0.311
Carter ,Vince,2018,-0.083
Carter ,Vince,2019,-1.004
Edwards ,Vincent,2019,12.585
Hunter ,Vincent,2018,-1.252
Faverani ,Vitor,2014,-0.109
Baldwin IV,Wade,2017,-2.583
Baldwin IV,Wade,2018,5.372
Baldwin IV,Wade,2019,-1.07
Lemon Jr.,Walter,2018,0.167
Lemon Jr.,Walter,2019,-4.81
Ellington ,Wayne,2014,-3.187
Ellington ,Wayne,2015,0.487
Ellington ,Wayne,2016,-1.561
Ellington ,Wayne,2017,-0.723
Ellington ,Wayne,2018,-0.869
Ellington ,Wayne,2019,0.015
Selden ,Wayne,2017,-1.148
Selden ,Wayne,2018,0.164
Selden ,Wayne,2019,-1.491
Carter Jr.,Wendell,2019,0.649
Iwundu ,Wes,2018,0.849
Iwundu ,Wes,2019,1.692
Johnson ,Wesley,2014,-0.54
Johnson ,Wesley,2015,-1.222
Johnson ,Wesley,2016,1.018
Johnson ,Wesley,2017,0.316
Johnson ,Wesley,2018,-0.061
Johnson ,Wesley,2019,-0.084
Matthews ,Wesley,2014,0.316
Matthews ,Wesley,2015,0.599
Matthews ,Wesley,2016,0.489
Matthews ,Wesley,2017,-0.097
Matthews ,Wesley,2018,-0.054
Matthews ,Wesley,2019,-1.008
Barton ,Will,2014,2.541
Barton ,Will,2015,1.687
Barton ,Will,2016,-0.159
Barton ,Will,2017,-1.803
Barton ,Will,2018,-1.133
Barton ,Will,2019,-1
Bynum ,Will,2014,-0.073
Bynum ,Will,2015,-3.034
Cherry ,Will,2015,-2.306
Cauley-Stein ,Willie,2016,-0.379
Cauley-Stein ,Willie,2017,-0.109
Cauley-Stein ,Willie,2018,0.159
Cauley-Stein ,Willie,2019,-0.369
Green ,Willie,2014,2.272
Green ,Willie,2015,1.168
Reed ,Willie,2016,-1.976
Reed ,Willie,2017,0.188
Reed ,Willie,2018,2.306
Hernangomez ,Willy,2017,-0.365
Hernangomez ,Willy,2018,-0.753
Hernangomez ,Willy,2019,-2.275
Chandler ,Wilson,2014,1.534
Chandler ,Wilson,2015,0.232
Chandler ,Wilson,2017,1.287
Chandler ,Wilson,2018,0.765
Chandler ,Wilson,2019,-0.335
Henry ,Xavier,2014,-0.181
Henry ,Xavier,2015,-1.588
Munford ,Xavier,2016,-0.241
Munford ,Xavier,2018,-4.747
Rathan-Mayes ,Xavier,2018,-3.343
Silas ,Xavier,2018,9.83
Maten ,Yante,2019,12.712
Ferrell ,Yogi,2017,-2.15
Ferrell ,Yogi,2018,-1.86
Ferrell ,Yogi,2019,-0.92
Watanabe ,Yuta,2019,-1.697
Collins ,Zach,2018,0.681
Collins ,Zach,2019,0.489
LaVine ,Zach,2015,-2.438
LaVine ,Zach,2016,-1.241
LaVine ,Zach,2017,-1.368
LaVine ,Zach,2018,-0.429
LaVine ,Zach,2019,-0.832
Lofton ,Zach,2019,-2.437
Randolph ,Zach,2014,-0.501
Randolph ,Zach,2015,-0.621
Randolph ,Zach,2016,-0.831
Randolph ,Zach,2017,-0.336
Randolph ,Zach,2018,-2.474
Pachulia ,Zaza,2014,-1.674
Pachulia ,Zaza,2015,0.241
Pachulia ,Zaza,2016,-0.146
Pachulia ,Zaza,2017,-0.911
Pachulia ,Zaza,2018,-0.591
Pachulia ,Zaza,2019,1.236
Smith ,Zhaire,2019,0.05
Qi ,Zhou,2018,2.325
Qi ,Zhou,2019,-2.437
Dragic ,Zoran,2015,1.921
